NCBI RefSeq ID,Yeast gene name,Decription,Human gene id,% identity with human,Matching gene ID of ten fungi at >=40% protein identity*,,,,,,,,
NP_012550.1,ILV3, Dioxyacid deatase; catalyzes third step in the common pathway leading to biosynthesis of branched-chain amino acids; Ilv3p [Saccharomyces cerevisiae] Sequence length = 585,none,0%,AfXP_755754.1,CAXP_721948.1,CGXP_445144.1,CNXP_572335.1,DHXP_459092.1,EGNP_983287.1,KLXP_456063.1,SPNP_593729.1,YLXP_502180.1
NP_013459.1,ILV5, Acetooxyacid reductoisomerase; mitochondrial protein involved in branched-chain amino acid biosynthesis; also required for maintenance of wild-type mitochondrial DNA; Ilv5p [Saccharomyces cerevisiae] Sequence length = 395,NP_079021.2,2%,AfXP_754177.1,CAXP_714020.1,CGXP_445105.1,CNXP_571345.1,DHXP_460777.1,EGNP_983206.1,KLXP_451118.1,SPNP_001018845.1,YLXP_502354.1
NP_010775.1,RIB3, 3;4-dioxy-2-butanone-4-phosphate synthase (DHBP synthase); required for riboflavin biosynthesis from ribulose-5-phosphate; also has an unrelated function in mitochondrial respiration; Rib3p [Saccharomyces cerevisiae] Sequen,XP_498626.1,3%,AfXP_751191.1,CAXP_716359.1,CGXP_447577.1,CNXP_570768.1,DHXP_461959.1,EGNP_984214.1,KLXP_451875.1,SPNP_596606.1,YLXP_500663.1
NP_009815.1,RIB5, Riboflavin synthase; catalyzes the last step of the riboflavin biosynthesis pathway; Rib5p [Saccharomyces cerevisiae] Sequence length = 238,NP_001053.2,3%,AfXP_750373.1,CAXP_721932.1,CGXP_445640.1,CNXP_569876.1,DHXP_459083.1,EGNP_986907.1,KLXP_453760.1,SPNP_588312.1,YLXP_501315.1
NP_012863.1,FBA1, Fructose 1;6-bisphosphate aldolase; a cytosolic enzyme required for glycolysis and gluconeogenesis; catalyzes the conversion of fructose 1;6 bisphosphate into two 3-carbon products: glyceraldehe-3-phosphate and dioxyaceto,NP_006612.2,5%,AfXP_754452.1,CAXP_722836.1,CGXP_448879.1,CNXP_568771.1,DHXP_459260.1,EGNP_983014.1,KLXP_454290.1,SPNP_595692.1,YLXP_504407.1
NP_010640.1,TRR1, Thioredoxin reductase; Trr1p [Saccharomyces cerevisiae] Sequence length = 319,NP_001018070.1,10%,AfXP_751532.1,CAXP_720726.1,CGXP_447305.1,CNXP_571270.1,DHXP_461900.1,EGNP_983295.1,KLXP_454928.1,SPNP_001018848.1,YLXP_503348.1
NP_013350.1,YEF3, Translational elongation factor; stimulates the binding of aminoacyl-tRNA (AA-tRNA) to ribosomes by releasing EF-1 alpha from the ribosomal complex; contains two ABC cassettes; binds and olyses ATP; Yef3p [Saccharomyces cer,NP_060828.1,14%,AfXP_748943.1,CAXP_711404.1,CGXP_445123.1,CNXP_570261.1,DHXP_461401.1,EGNP_982514.1,KLXP_455632.1,SPNP_588285.1,YLXP_503895.1
NP_011884.1,YHR020W, Protein required for cell viability; Y020wp [Saccharomyces cerevisiae] Sequence length = 688,NP_004437.2,20%,AfXP_755936.1,CAXP_712153.1,CGXP_444855.1,CNXP_569307.1,DHXP_458274.1,EGNP_984840.1,KLXP_451373.1,SPNP_596162.1,YLXP_503566.1
NP_011507.1,PMA1, Plasma membrane H+-ATPase; pumps protons out of the cell; major regulator of cytoplasmic pH and plasma membrane potential; part of the P2 subgroup of cation-transporting ATPases; Pma1p [Saccharomyces cerevisiae] Sequence length,NP_777617.1,22%,AfXP_749997.1,CAXP_717665.1,CGXP_444794.1,CNXP_571736.1,DHXP_456711.1,EGNP_986581.1,KLXP_451395.1,SPNP_594360.1,YLXP_501205.1
NP_014236.1,RIA1, Cytoplasmic GTPase involved in biogenesis of the 60S ribosome; has similarity to translation elongation factor 2 (Eft1p and Eft2p); Ria1p [Saccharomyces cerevisiae] Sequence length = 1110,NP_078856.3,30%,AfXP_753302.1,CAXP_713895.1,CGXP_447971.1,CNXP_566465.1,DHXP_461497.1,EGNP_985578.1,KLXP_453415.1,SPNP_587766.1,YLXP_502894.1
NP_011889.1,MAS2, Larger subunit of the mitochondrial processing protease; essential processing enzyme that cleaves the N-terminal targeting sequences from mitochondrially imported proteins; Mas2p [Saccharomyces cerevisiae] Sequence length = 482,NP_055975.1,31%,AfXP_752553.1,CAXP_711134.1,CGXP_447741.1,CNXP_571156.1,DHXP_460140.1,EGNP_983471.1,KLXP_454472.1,SPNP_595859.1,YLXP_505372.1
NP_012501.1,HCA4, Putative nucleolar DEAD box RNA helicase; high-copy number suppression of a U14 snoRNA processing mutant suggests an involvement in 18S rRNA synthesis; Hca4p [Saccharomyces cerevisiae] Sequence length = 770,NP_004389.2,32%,AfXP_750992.1,CAXP_720463.1,CGXP_447757.1,CNXP_567058.1,DHXP_457109.1,EGNP_983443.1,KLXP_453485.1,SPNP_594652.1,YLXP_500281.1
NP_014338.1,NOP2, Probable RNA m(5)C methyltransferase; essential for processing and maturation of 27S pre-rRNA and large ribosomal subunit biogenesis; localized to the nucleolus; constituent of 66S pre-ribosomal particles; Nop2p [Saccharomyces ,NP_006161.1,32%,AfXP_748166.1,CAXP_717453.1,CGXP_448146.1,CNXP_569151.1,DHXP_461265.1,EGNP_983842.1,KLXP_455234.1,SPNP_596527.1,YLXP_500726.1
NP_010518.1,HEM1, 5-aminolevulinate synthase; catalyzes the first step in the heme biosynthetic pathway; an N-terminal signal sequence is required for localization to the mitochondrial matrix; expression is regulated by Hap2p-Hap3p; Hem1p [Sacch,NP_000023.1,32%,AfXP_754006.1,CAXP_718266.1,CGXP_445084.1,CNXP_569249.1,DHXP_457198.1,EGNP_982843.1,KLXP_452875.1,SPNP_594388.1,YLXP_501502.1
NP_011780.1,MES1, Methionyl-tRNA synthetase; forms a complex with glutamyl-tRNA synthetase (Gus1p) and Arc1p; which increases the catalytic efficiency of both tRNA synthetases; also has a role in nuclear export of tRNAs; Mes1p [Saccharomyces cer,NP_004981.2,33%,AfXP_752268.1,CAXP_721864.1,CGXP_446336.1,CNXP_570588.1,DHXP_462423.1,EGNP_986998.1,KLXP_451421.1,SPNP_595586.1,YLXP_506024.1
NP_014433.1,ARC35, Subunit of the ARP2/3 complex; which is required for the motility and integrity of cortical actin patches; required for cortical localization of calmodulin; Arc35p [Saccharomyces cerevisiae] Sequence length = 342,NP_005722.1,35%,AfXP_750017.1,CAXP_718543.1,CGXP_446706.1,CNXP_571107.1,DHXP_458048.1,EGNP_986446.1,KLXP_455399.1,SPNP_593903.1,YLXP_499714.1
NP_011314.2,MCM6, Protein involved in DNA replication; component of the Mcm2-7 hexameric complex that binds comatin as a part of the pre-replicative complex; Mcm6p [Saccharomyces cerevisiae] Sequence length = 1017,NP_005906.2,35%,AfXP_753557.1,CAXP_718276.1,CGXP_447986.1,CNXP_568946.1,DHXP_458410.1,EGNP_986093.1,KLXP_455539.1,SPNP_596614.1,YLXP_500978.1
NP_011308.1,SPT16, Subunit of the heterodimeric FACT complex (Spt16p-Pob3p); facilitates RNA Polymerase II tranription elongation tough nucleosomes by destabilizing and then reassembling nucleosome structure; Spt16p [Saccharomyces cerevisiae],NP_009123.1,35%,AfXP_750518.1,CAXP_715540.1,CGXP_445310.1,CNXP_569507.1,DHXP_457124.1,EGNP_985216.1,KLXP_455530.1,SPNP_596526.1,YLXP_502831.1
NP_011574.1,ERG25, C-4 methyl sterol oxidase; catalyzes the first of tee steps required to remove two C-4 methyl groups from an intermediate in ergosterol biosynthesis; mutants accumulate the sterol intermediate 4;4-dimethylzymosterol; Erg25p [,NP_006736.1,35%,AfXP_746668.1,CAXP_713456.1,CGXP_448420.1,CNXP_569526.1,DHXP_456861.1,EGNP_986119.1,KLXP_451890.1,SPNP_592903.1,YLXP_505281.1
NP_009365.1,YIF2, GTPase; required for general translation initiation by promoting Met-tRNAiMet binding to ribosomes and ribosomal subunit joining; homolog of bacterial IF2; Fun12p [Saccharomyces cerevisiae] Sequence length = 1002,NP_056988.2,35%,AfXP_750147.1,CAXP_717619.1,CGXP_449870.1,CNXP_569115.1,DHXP_458159.1,EGNP_984469.1,KLXP_456116.1,SPNP_593218.1,YLXP_499629.1
NP_014565.1,BRX1, Nucleolar protein; constituent of 66S pre-ribosomal particles; depletion leads to defects in rRNA processing and a block in the assembly of large ribosomal subunits; possesses a sigma(70)-like RNA-binding motif; Brx1p [Saccharo,NP_060791.3,36%,AfXP_749971.1,CAXP_716301.1,CGXP_447596.1,CNXP_570786.1,DHXP_461968.1,EGNP_984880.1,KLXP_454753.1,SPNP_595107.1,YLXP_500778.1
NP_011871.1,ERG11, Lanosterol 14-alpha-demethylase; catalyzes the C-14 demethylation of lanosterol to form 4;4''-dimethyl cholesta-8;14;24-triene-3-beta-ol in the ergosterol biosynthesis pathway; member of the cytocome P450 family; Erg11p [Sacc,NP_000777.1,36%,AfXP_752137.1,CAXP_716761.1,CGXP_445876.1,CNXP_566464.1,DHXP_460143.1,EGNP_984259.1,KLXP_454109.1,SPNP_592990.1,YLXP_500518.1
NP_013764.1,ERB1, Protein required for maturation of the 25S and 5.8S ribosomal RNAs; constituent of 66S pre-ribosomal particles; homologous to mammalian Bop1; Erb1p [Saccharomyces cerevisiae] Sequence length = 807,NP_056016.1,36%,AfXP_752287.1,CAXP_713651.1,CGXP_448990.1,CNXP_568954.1,DHXP_459204.1,EGNP_983048.1,KLXP_456266.1,SPNP_596113.1,YLXP_504423.1
NP_011975.1,CDC12, Component of the septin ring of the mother-bud neck that is required for cytokinesis; septins recruit proteins to the neck and can act as a barrier to diffusion at the membrane; and they comprise the 10nm filaments seen with EM,NP_001011553.1,36%,AfXP_748035.1,CAXP_721511.1,CGXP_447306.1,CNXP_569532.1,DHXP_462083.1,EGNP_985095.1,KLXP_454927.1,SPNP_593566.1,YLXP_503349.1
NP_010628.1,YDR341C, Cytoplasmic arginyl-tRNA synthetase; r341cp [Saccharomyces cerevisiae] Sequence length = 607,NP_064716.1,36%,AfXP_755736.1,CAXP_718431.1,CGXP_444859.1,CNXP_571815.1,DHXP_461877.1,EGNP_985344.1,KLXP_451312.1,SPNP_596077.1,YLXP_504086.1
NP_014905.1,YOR262W, Protein required for cell viability; Yor262wp [Saccharomyces cerevisiae] Sequence length = 347,NP_060536.2,37%,AfXP_750951.1,CAXP_714587.1,CGXP_445299.1,CNXP_568698.1,DHXP_461157.1,EGNP_982425.1,KLXP_452621.1,SPNP_594668.1,YLXP_503048.1
NP_009877.1,SPB1, AdoMet-dependent methyltransferase involved in rRNA processing and 60S ribosomal subunit maturation; methylates G2922 in the putative tRNA docking site of the large subunit rRNA and in the absence of snR52; U2921; suppressor of,NP_060117.2,37%,AfXP_753441.1,CAXP_710224.1,CGXP_444991.1,CNXP_569180.1,DHXP_460162.1,EGNP_986282.1,KLXP_452227.1,SPNP_593129.1,YLXP_502611.1
NP_012368.1,ERG20, Farnesyl pyrophosphate synthetase; has both dimethylallyltranstransferase and geranyltranstransferase activities; catalyzes the formation of C15 farnesyl pyrophosphate units for isoprenoid and sterol biosynthesis; Erg20p [Sacch,NP_001995.1,37%,AfXP_748097.1,CAXP_712917.1,CGXP_448787.1,CNXP_571137.1,DHXP_460720.1,EGNP_984739.1,KLXP_451300.1,SPNP_593299.1,YLXP_503599.1
NP_015366.1,TIF5, eIF5 mediates olysis of eIF2-GTP (SUI2;SUI3;GCD11) at start codons; Translation initiation factor eIF-5; Tif5p [Saccharomyces cerevisiae] Sequence length = 405,NP_892116.2,37%,AfXP_755233.1,CAXP_720569.1,CGXP_445577.1,CNXP_569485.1,DHXP_462603.1,EGNP_985255.1,KLXP_454221.1,SPNP_592976.1,YLXP_502531.1
NP_116708.1,PRE4, 20S proteasome beta-type subunit; Pre4p [Saccharomyces cerevisiae] Sequence length = 266,NP_002787.2,38%,AfXP_750537.1,CAXP_720667.1,CGXP_444973.1,CNXP_567890.1,DHXP_460985.1,EGNP_985805.1,KLXP_453574.1,SPNP_595308.1,YLXP_504688.1
NP_010329.1,HEM13, Coproporphyrinogen III oxidase; an oxygen requiring enzyme that catalyzes the sixth step in the heme biosynthetic pathway; localizes to the mitochondrial inner membrane; tranription is repressed by oxygen and heme (via Rox1p ,NP_000088.3,38%,AfXP_750494.1,CAXP_710999.1,CGXP_448741.1,CNXP_571169.1,DHXP_461074.1,EGNP_986695.1,KLXP_455911.1,SPNP_593150.1,YLXP_504574.1
NP_015087.1,SUI3, Beta subunit of the translation initiation factor eIF2; involved in the identification of the start codon; proposed to be involved in mRNA binding; Sui3p [Saccharomyces cerevisiae] Sequence length = 285,NP_003899.2,38%,AfXP_754755.1,CAXP_715210.1,CGXP_446841.1,CNXP_571127.1,DHXP_458915.1,EGNP_985405.1,KLXP_453460.1,SPNP_593772.2,YLXP_504649.1
NP_014986.1,RPA190, RNA polymerase I subunit; largest subunit of RNA polymerase I; Rpa190p [Saccharomyces cerevisiae] Sequence length = 1664,NP_056240.1,38%,AfXP_752760.1,CAXP_710723.1,CGXP_445928.1,CNXP_570516.1,DHXP_458147.1,EGNP_984470.1,KLXP_456115.1,SPNP_596300.1,YLXP_505388.1
NP_015344.1,CDC54, Essential helicase component of heterohexameric MCM2-7 complexes which bind pre-replication complexes on DNA and melt the DNA prior to replication; accumulates in the nucleus in G1; homolog of S. pombe Cdc21p; Cdc54p [Saccharom,NP_877423.1,38%,AfXP_755239.1,CAXP_710791.1,CGXP_448331.1,CNXP_568304.1,DHXP_460031.1,EGNP_984071.1,KLXP_452982.1,SPNP_588004.2,YLXP_505008.1
NP_010457.1,SUP35, Translation termination factor eRF3; altered protein conformation creates the [PSI(+)] prion; a dominant cytoplasmically inherited protein aggregate that alters translational fidelity and creates a nonsense suppressor phenotype,NP_002085.1,38%,AfXP_749613.1,CAXP_714648.1,CGXP_445722.1,CNXP_571485.1,DHXP_457365.1,EGNP_986522.1,KLXP_453831.1,SPNP_588225.1,YLXP_500633.1
NP_011051.1,RSP5, Ubiquitin-protein ligase involved in ubiquitin-mediated protein degradation; plays a role in heat shock element (HSE)-mediated gene expression and multivesicular body sorting; contains a hect (homologous to E6-AP carboxyl termi,NP_065162.1,38%,AfXP_752317.1,CAXP_714470.1,CGXP_448323.1,CNXP_572216.1,DHXP_458629.1,EGNP_984041.1,KLXP_454562.1,SPNP_594396.1,YLXP_504092.1
NP_014391.1,SIS1, Type II HSP40 co-chaperone that interacts with the HSP70 protein Ssa1p; not functionally redundant with j1p due to due to substrate specificity; shares similarity with bacterial DnaJ proteins; Sis1p [Saccharomyces cerevisiae],NP_036398.3,39%,AfXP_753900.1,CAXP_713489.1,CGXP_446955.1,CNXP_568298.1,DHXP_462012.1,EGNP_982534.1,KLXP_453274.1,SPNP_588477.1,YLXP_503904.1
NP_010615.1,SKP1, Evolutionarily conserved kinetochore protein that is part of multiple protein complexes; including the F ubiquitin ligase complex; the CBF3 complex that binds centromeric DNA; and the RAVE complex that regulates assembly of t,NP_733779.1,39%,AfXP_754026.1,CAXP_714072.1,CGXP_449404.1,CNXP_567187.1,DHXP_461470.1,EGNP_984392.1,KLXP_454713.1,SPNP_595455.1,YLXP_499961.1
NP_013066.1,YLL034C, Putative ATPase of the AAA family; required for export of pre-ribosomal large subunits from the nucleus; distributed between the nucleolus; nucleoplasm; and nuclear periphery depending on growth conditions; Rix7p [Saccharomyces,NP_996671.1,39%,AfXP_752288.1,CAXP_720530.1,CGXP_445539.1,CNXP_567015.1,DHXP_458749.1,EGNP_985735.1,KLXP_453984.1,SPNP_595792.1,YLXP_505705.1
NP_014392.1,LST8, Protein required for the transport of amino acid permease Gap1p from the Golgi to the cell surface; component of the TOR signaling pathway; associates with both Tor1p and Tor2p; contains a WD-repeat; Lst8p [Saccharomyces cerevi,NP_071767.2,39%,AfXP_752323.1,CAXP_713529.1,CGXP_446956.1,CNXP_568406.1,DHXP_462013.1,EGNP_982533.1,KLXP_453275.1,SPNP_595682.1,YLXP_503905.1
NP_015107.1,BMS1, Essential conserved nucleolar GTP-binding protein required for synthesis of 40S ribosomal subunits and for processing of the 35S pre-rRNA at sites A0; A1; and A2; interacts with Rcl1p; has similarity to Tsr1p; Bms1p [Saccharomy,NP_055568.2,39%,AfXP_755690.1,CAXP_718522.1,CGXP_445944.1,CNXP_569493.1,DHXP_461620.1,EGNP_985437.1,KLXP_451623.1,SPNP_595102.2,YLXP_502109.1
NP_014030.1,ATM1, Mitochondrial inner membrane transporter; exports mitochondrially synthesized precursors of iron-sulfur (Fe/S) clusters to the cytosol; member of the ATP-binding cassette (ABC) transporter family; Atm1p [Saccharomyces cerevisia,NP_004290.2,39%,AfXP_751165.1,CAXP_712090.1,CGXP_449941.1,CNXP_572661.1,DHXP_457132.1,EGNP_986332.1,KLXP_451443.1,SPNP_594288.2,YLXP_503682.1
NP_015335.1,RPA135, RNA polymerase I subunit A135; Rpa135p [Saccharomyces cerevisiae] Sequence length = 1203,NP_061887.2,39%,AfXP_750719.1,CAXP_720354.1,CGXP_447785.1,CNXP_571380.1,DHXP_461338.1,EGNP_982975.1,KLXP_451816.1,SPNP_595819.1,YLXP_503752.1
NP_013007.1,RPF2, Essential protein involved in the processing of pre-rRNA and the assembly of the 60S ribosomal subunit; interacts with ribosomal protein L11; localizes predominantly to the nucleolus; constituent of 66S pre-ribosomal particles;,NP_115570.1,40%,AfXP_747285.1,CAXP_714974.1,CGXP_449224.1,CNXP_570184.1,DHXP_457957.1,EGNP_984311.1,KLXP_451353.1,SPNP_594369.1,YLXP_499741.1
NP_015208.1,IDI1, Isopentenyl diphosphate:dimethylallyl diphosphate isomerase (IPP isomerase); catalyzes an essential activation step in the isoprenoid biosynthetic pathway; required for viability; Idi1p [Saccharomyces cerevisiae] Sequence lengt,NP_004499.2,40%,AfXP_751000.1,CAXP_720295.1,CGXP_448008.1,CNXP_566641.1,DHXP_462358.1,EGNP_983828.1,KLXP_455121.1,SPNP_595164.1,YLXP_504974.1
NP_010918.1,PMI40, Mannose-6-phosphate isomerase; catalyzes the interconversion of fructose-6-P and mannose-6-P; required for early steps in protein mannosylation; Pmi40p [Saccharomyces cerevisiae] Sequence length = 429,NP_002426.1,40%,AfXP_752698.1,CAXP_714562.1,CGXP_447802.1,CNXP_572705.1,DHXP_457357.1,EGNP_984099.1,KLXP_453675.1,SPNP_596445.1,YLXP_501053.1
NP_010618.1,GPI8, ER membrane glycoprotein subunit of the glycosylphosphatidylinositol transamidase complex that adds glycosylphosphatidylinositol (GPI) anchors to newly synthesized proteins; human PIG-K protein is a functional homolog; Gpi8p [S,NP_005473.1,40%,AfXP_752882.1,CAXP_711765.1,CGXP_449401.1,CNXP_571632.1,DHXP_461463.1,EGNP_984396.1,KLXP_454718.1,SPNP_588198.1,YLXP_505132.1
NP_011617.1,NOP7, Nucleolar protein involved in rRNA processing and 60S ribosomal subunit biogenesis; constituent of several different pre-ribosomal particles; Nop7p [Saccharomyces cerevisiae] Sequence length = 605,NP_055118.1,40%,AfXP_752007.1,CAXP_714126.1,CGXP_446703.1,CNXP_568799.1,DHXP_457052.1,EGNP_982635.1,KLXP_453738.1,SPNP_596543.1,YLXP_501262.1
NP_014311.1,TOP2, Essential type II topoisomerase; catalyzes topology changes in DNA via transient breakage and rejoining of phosphodiester bonds in the DNA backbone; localizes to axial cores in meiosis; Top2p [Saccharomyces cerevisiae] Sequence,NP_001058.2,40%,AfXP_751245.1,CAXP_715530.1,CGXP_447949.1,CNXP_566700.1,DHXP_459406.1,EGNP_985265.1,KLXP_452818.1,SPNP_595805.1,YLXP_503213.1
NP_014811.1,GLN4, Glutamine tRNA synthetase; monomeric class I tRNA synthetase that catalyzes the specific glutaminylation of tRNA(Glu); N-terminal domain proposed to be involved in enzyme-tRNA interactions; Gln4p [Saccharomyces cerevisiae] Sequ,NP_005042.1,40%,AfXP_749327.1,CAXP_720356.1,CGXP_448972.1,CNXP_566493.1,DHXP_461335.1,EGNP_986925.1,KLXP_455998.1,SPNP_596745.1,YLXP_501409.1
NP_014137.1,POL2, Catalytic subunit of DNA polymerase epsilon; one of the major comosomal DNA replication polymerases characterized by processivity and proofreading exonuclease activity; also involved in DNA synthesis during DNA repair; Pol2p ,NP_006222.2,40%,AfXP_754663.1,CAXP_712675.1,CGXP_448057.1,CNXP_567821.1,DHXP_460258.1,EGNP_986205.1,KLXP_452312.1,SPNP_596354.1,YLXP_504422.1
NP_010929.1,PRP22, DEAH-box RNA-dependent ATPase/ATP-dependent RNA helicase; associates with lariat intermediates before the second catalytic step of splicing; mediates ATP-dependent mRNA release from the spliceosome and unwinds RNA duplexes; Prp,NP_004932.1,40%,AfXP_753563.1,CAXP_722102.1,CGXP_447213.1,CNXP_570324.1,DHXP_459081.1,EGNP_982561.1,KLXP_452048.1,SPNP_593253.1,YLXP_500756.1
NP_010186.1,RPN6, Essential; non-ATPase regulatory subunit of the 26S proteasome lid required for the assembly and activity of the 26S proteasome; the human homolog (S9 protein) partially reues Rpn6p depletion; Rpn6p [Saccharomyces cerevisiae],NP_002806.2,41%,AfXP_750379.1,CAXP_709940.1,CGXP_449092.1,CNXP_568638.1,DHXP_462284.1,EGNP_984376.1,KLXP_454010.1,SPNP_593111.1,YLXP_502598.1
NP_011608.1,VAS1, Mitochondrial and cytoplasmic valyl-tRNA synthetase; Vas1p [Saccharomyces cerevisiae] Sequence length = 1104,NP_006286.1,41%,AfXP_747286.1,CAXP_710060.1,CGXP_446497.1,CNXP_569118.1,DHXP_458016.1,EGNP_982575.1,KLXP_453724.1,SPNP_595435.1,YLXP_505653.1
NP_012901.1,URA6, Uridylate kinase; catalyzes the seventh enzymatic step in the de novo biosynthesis of pyrimidines; converting uridine monophosphate (UMP) into uridine-5'-diphosphate (UDP); Ura6p [Saccharomyces cerevisiae] Sequence length = 204,NP_057392.1,41%,AfXP_749109.1,CAXP_710403.1,CGXP_449201.1,CNXP_571305.1,DHXP_459063.1,EGNP_983572.1,KLXP_454313.1,SPNP_588039.1,YLXP_505202.1
NP_009761.1,CDC47, Component of the hexameric MCM complex; which is important for priming origins of DNA replication in G1 and becomes an active ATP-dependent helicase that promotes DNA melting and elongation when activated by Cdc7p-Dbf4p in S-ph,NP_005907.3,41%,AfXP_755347.1,CAXP_712587.1,CGXP_449582.1,CNXP_571487.1,DHXP_457383.1,EGNP_984137.1,KLXP_454998.1,SPNP_596545.1,YLXP_501070.1
NP_011939.1,ERG7, Lanosterol synthase; an essential enzyme that catalyzes the cyclization of squalene 2;3-epoxide; a step in ergosterol biosynthesis; Erg7p [Saccharomyces cerevisiae] Sequence length = 731,NP_002331.3,41%,AfXP_747936.1,CAXP_722471.1,CGXP_448182.1,CNXP_570450.1,DHXP_457937.1,EGNP_987017.1,KLXP_451982.1,SPNP_593702.2,YLXP_504990.1
NP_013264.1,MAS1, Smaller subunit of the mitochondrial processing protease; essential processing enzyme that cleaves the N-terminal targeting sequences from mitochondrially imported proteins; Mas1p [Saccharomyces cerevisiae] Sequence length = 46,NP_004270.1,41%,AfXP_752790.1,CAXP_721524.1,CGXP_446914.1,CNXP_571821.1,DHXP_462250.1,EGNP_986529.1,KLXP_453861.1,SPNP_595827.1,YLXP_500073.1
NP_015165.1,CDC60, Cytosolic leucyl tRNA synthetase; ligates leucine to the appropriate tRNA; Cdc60p [Saccharomyces cerevisiae] Sequence length = 1090,NP_064502.8,41%,AfXP_751141.1,CAXP_718229.1,CGXP_447863.1,CNXP_568277.1,DHXP_460680.1,EGNP_982454.1,KLXP_453334.1,SPNP_594882.1,YLXP_504360.1
NP_011378.1,SEC27, Essential subunit of the COP II vesicle coat; involved in ER-to-Golgi protein trafficking and in retrograde Golgi-to-ER transport; contains WD40 domains that mediate cargo selective interactions; similar to mammalian beta'-coat,NP_004757.1,41%,AfXP_755394.1,CAXP_712537.1,CGXP_447187.1,CNXP_569300.1,DHXP_457858.1,EGNP_985432.1,KLXP_451618.1,SPNP_596811.1,YLXP_502107.1
NP_013378.1,DBP9, ATP-dependent RNA helicase of the DEAD-box family involved in biogenesis of the 60S ribosomal subunit; Dbp9p [Saccharomyces cerevisiae] Sequence length = 594,NP_061955.1,41%,AfXP_755731.1,CAXP_716643.1,CGXP_446188.1,CNXP_568502.1,DHXP_460896.1,EGNP_986944.1,KLXP_452403.1,SPNP_588531.1,YLXP_506098.1
NP_013344.1,YLR243W, Protein required for cell viability; Ylr243wp [Saccharomyces cerevisiae] Sequence length = 272,NP_057385.2,42%,AfXP_752430.1,CAXP_715439.1,CGXP_446724.1,CNXP_568958.1,DHXP_462112.1,EGNP_986550.1,KLXP_453883.1,SPNP_594965.1,YLXP_502047.1
NP_014819.1,HEM15, Ferrochelatase; a mitochondrial inner membrane protein; catalyzes the insertion of ferrous iron into protoporphyrin IX; the eighth and final step in the heme biosynthetic pathway; Yfh1p mediates the use of iron by Hem15p; Hem15,NP_000131.2,42%,AfXP_753861.1,CAXP_713183.1,CGXP_448978.1,CNXP_571533.1,DHXP_461357.1,EGNP_986938.1,KLXP_455984.1,SPNP_587720.1,YLXP_505622.1
NP_015513.1,RPO26, RNA polymerase subunit ABC23; common to RNA polymerases I; II; and III; part of central core; similar to bacterial omega subunit; Rpo26p [Saccharomyces cerevisiae] Sequence length = 155,NP_068809.1,42%,AfXP_750265.1,CAXP_712026.1,CGXP_446797.1,CNXP_572666.1,DHXP_459733.1,EGNP_984581.1,KLXP_451689.1,SPNP_587956.1,YLXP_505017.1
NP_014621.1,DIS3, Nucleolar exosome component; involved in rRNA processing and RNA degradation; binds Gsp1p/Ran and enhances the GEF activity of Srm1p; implicated in mitotic control; homologous to the E. coli RNase R of the RNase II family; Dis3,NP_055768.2,42%,AfXP_751606.1,CAXP_716298.1,CGXP_446987.1,CNXP_570662.1,DHXP_461958.1,EGNP_984830.1,KLXP_451472.1,SPNP_596653.1,YLXP_503507.1
NP_013298.1,SIK1, Essential evolutionarily-conserved nucleolar protein component of the box C/D snoRNP complexes that direct 2'-O-methylation of pre-rRNA during its maturation; overexpression causes spindle orientation defects; Sik1p [Saccharomy,NP_006383.2,42%,AfXP_754659.1,CAXP_719331.1,CGXP_444941.1,CNXP_570894.1,DHXP_461822.1,EGNP_983260.1,KLXP_453608.1,SPNP_595368.1,YLXP_502927.1
NP_012040.1,NMD3, Protein involved in nuclear export of the large ribosomal subunit; acts as a Crm1p-dependent adapter protein for export of naent ribosomal subunits tough the nuclear pore complex; Nmd3p [Saccharomyces cerevisiae] Sequence l,NP_057022.2,42%,AfXP_756012.1,CAXP_711797.1,CGXP_447356.1,CNXP_567834.1,DHXP_462561.1,EGNP_985156.1,KLXP_451227.1,SPNP_593077.1,YLXP_505150.1
NP_015435.1,RPC40, RNA polymerase subunit; common to RNA polymerase I and III; Rpc40p [Saccharomyces cerevisiae] Sequence length = 335,NP_976035.1,42%,AfXP_755705.1,CAXP_714986.1,CGXP_445149.1,CNXP_570517.1,DHXP_457932.1,EGNP_984127.1,KLXP_453719.1,SPNP_596831.1,YLXP_504330.1
NP_010524.1,SEC26, Essential subunit of the COP II vesicle coat; involved in endoplasmic-to-Golgi protein trafficking and maintenance of normal ER morphology; similar to mammalian beta-coat protein (beta-COP); Sec26p [Saccharomyces cerevisiae] Se,NP_057535.1,43%,AfXP_752462.1,CAXP_717483.1,CGXP_448698.1,CNXP_571941.1,DHXP_461182.1,EGNP_982835.1,KLXP_452885.1,SPNP_595403.1,YLXP_505605.1
NP_013580.1,ERG13, 3-oxy-3-methylglutaryl-CoA (HMG-CoA) synthase; catalyzes the formation of HMG-CoA from acetyl-CoA and acetoacetyl-CoA; involved in the second step in mevalonate biosynthesis; Erg13p [Saccharomyces cerevisiae] Sequence lengt,NP_002121.3,43%,AfXP_754553.1,CAXP_716446.1,CGXP_446972.1,CNXP_571930.1,DHXP_456470.1,EGNP_983739.1,KLXP_453529.1,SPNP_593859.1,YLXP_506052.1
NP_010856.1,PCM1, Essential N-acetylglucosamine-phosphate mutase; a hexosephosphate mutase involved in the biosynthesis of chitin; Pcm1p [Saccharomyces cerevisiae] Sequence length = 557,NP_056414.1,43%,AfXP_750370.1,CAXP_722217.1,CGXP_445128.1,CNXP_570701.1,DHXP_458682.1,EGNP_983418.1,KLXP_453110.1,SPNP_592933.1,YLXP_504558.1
NP_012728.1,SDS22, Conserved nuclear regulatory subunit of Glc7p type 1 protein serine-teonine phosphatase (PP1); functions positively with Glc7p to promote dephosphorylation of nuclear substrates required for comosome transmission during mit,NP_002703.1,43%,AfXP_750229.1,CAXP_720944.1,CGXP_445570.1,CNXP_570198.1,DHXP_458939.1,EGNP_984964.1,KLXP_453193.1,SPNP_593824.1,YLXP_500880.1
NP_009984.1,PWP2, Conserved 90S pre-ribosomal component essential for proper endonucleolytic cleavage of the 35 S rRNA precursor at A0; A1; and A2 sites; contains eight WD-repeats; PWP2 deletion leads to defects in cell cycle and bud morphogenes,NP_005040.2,43%,AfXP_748034.1,CAXP_717900.1,CGXP_448623.1,CNXP_572117.1,DHXP_457216.1,EGNP_982598.1,KLXP_452599.1,SPNP_595343.1,YLXP_500372.1
NP_011075.1,SPT15, TATA-binding protein; general tranription factor that interacts with other factors to form the preinitiation complex at promoters; essential for viability; Spt15p [Saccharomyces cerevisiae] Sequence length = 240,NP_003185.1,43%,AfXP_754608.1,CAXP_710759.1,CGXP_447540.1,CNXP_572300.1,DHXP_462043.1,EGNP_986800.1,KLXP_454405.1,SPNP_594566.1,YLXP_501249.1
NP_013109.1,RLP24, Ribosomal Like Protein 24; Rlp24p [Saccharomyces cerevisiae] Sequence length = 199,NP_057388.1,43%,AfXP_749406.1,CAXP_712645.1,CGXP_447754.1,CNXP_569598.1,DHXP_462487.1,EGNP_984442.1,KLXP_454376.1,SPNP_594839.1,YLXP_500693.1
NP_013866.1,TIF34, Subunit of the core complex of translation initiation factor 3(eIF3); which is essential for translation; Tif34p [Saccharomyces cerevisiae] Sequence length = 347,NP_003748.1,43%,AfXP_754751.1,CAXP_721194.1,CGXP_449079.1,CNXP_567255.1,DHXP_458803.1,EGNP_984360.1,KLXP_455416.1,SPNP_594958.1,YLXP_499703.1
NP_009712.1,RPB5, RNA polymerase subunit ABC27; common to RNA polymerases I; II; and III; contacts DNA and affects transactivation; Rpb5p [Saccharomyces cerevisiae] Sequence length = 215,NP_002686.2,43%,AfXP_752781.1,CAXP_711626.1,CGXP_447588.1,CNXP_567119.1,DHXP_461981.1,EGNP_984896.1,KLXP_456027.1,SPNP_593187.1,YLXP_502486.1
NP_009644.1,RFC5, Subunit of heteropentameric Replication factor C (RF-C); which is a DNA binding protein and ATPase that acts as a clamp loader of the proliferating cell nuclear antigen (PCNA) processivity factor for DNA polymerases delta and e,NP_002906.1,43%,AfXP_755557.1,CAXP_719478.1,CGXP_445491.1,CNXP_568940.1,DHXP_459299.1,EGNP_983793.1,KLXP_452074.1,SPNP_595646.1,YLXP_502103.1
NP_010928.1,PRE1, 20S proteasome beta-type subunit; localizes to the nucleus toughout the cell cycle; Pre1p [Saccharomyces cerevisiae] Sequence length = 198,NP_002785.1,43%,AfXP_752074.1,CAXP_722094.1,CGXP_447214.1,CNXP_569789.1,DHXP_459082.1,EGNP_982560.1,KLXP_452049.1,SPNP_592916.1,YLXP_500757.1
NP_012148.1,RHO3, Non-essential small GTPase of the Rho/Rac subfamily of Ras-like proteins involved in the establishment of cell polarity; GTPase activity positively regulated by the GTPase activating protein (GAP) Rgd1p; Rho3p [Saccharomyces ce,NP_001655.1,43%,AfXP_754937.1,CAXP_715825.1,CGXP_446734.1,CNXP_572019.1,DHXP_457455.1,EGNP_983844.1,KLXP_455236.1,SPNP_001018193.1,YLXP_505528.1
NP_013254.1,ACS2, Acetyl-coA synthetase isoform; required for growth on glucose; expressed under anaerobic conditions; Acs2p [Saccharomyces cerevisiae] Sequence length = 683,NP_061147.1,44%,AfXP_751720.1,CAXP_713713.1,CGXP_445089.1,CNXP_567122.1,DHXP_459020.1,EGNP_986519.1,KLXP_453827.1,SPNP_588291.2,YLXP_505057.1
NP_014152.1,YNL247W, Protein required for cell viability; Ynl247wp [Saccharomyces cerevisiae] Sequence length = 767,NP_001742.1,44%,AfXP_753678.1,CAXP_722256.1,CGXP_448044.1,CNXP_569097.1,DHXP_459935.1,EGNP_986187.1,KLXP_452332.1,SPNP_594564.1,YLXP_502853.1
NP_010136.1,COP1, Alpha subunit of COPI vesicle coatomer complex; which surrounds transport vesicles in the early secretory pathway; Cop1p [Saccharomyces cerevisiae] Sequence length = 1201,NP_004362.1,44%,AfXP_754732.1,CAXP_721749.1,CGXP_447410.1,CNXP_571751.1,DHXP_459159.1,EGNP_984173.1,KLXP_455301.1,SPNP_595279.1,YLXP_504161.1
NP_015358.1,HTS1, Cytoplasmic and mitochondrial histidine tRNA synthetase; encoded by a single nuclear gene that specifies two messages; efficient mitochondrial localization requires both a presequence and an amino-terminal sequence; Hts1p [Sacc,NP_002100.2,44%,AfXP_751539.1,CAXP_722119.1,CGXP_448456.1,CNXP_569896.1,DHXP_462062.1,EGNP_983589.1,KLXP_454235.1,SPNP_596441.1,YLXP_503888.1
NP_012216.1,NEO1, Protein involved in the retrograde transport from the Golgi complex to the ER and the endosomal membrane traffic; putative aminophospholipid translocase; member of the highly conserved Drs2 family of P-type ATPases; Neo1p [Sacc,NP_940933.3,45%,AfXP_747682.1,CAXP_713593.1,CGXP_448805.1,CNXP_572575.1,DHXP_459054.1,EGNP_984017.1,KLXP_452573.1,SPNP_593720.1,YLXP_504850.1
NP_014017.1,HAS1, ATP-dependent RNA helicase; localizes to both the nuclear periphery and nucleolus; highly enriched in nuclear pore complex fractions; constituent of 66S pre-ribosomal particles; Has1p [Saccharomyces cerevisiae] Sequence length ,NP_006764.3,45%,AfXP_751498.1,CAXP_721871.1,CGXP_449931.1,CNXP_569112.1,DHXP_462428.1,EGNP_986999.1,KLXP_451422.1,SPNP_594488.1,YLXP_503430.1
NP_014413.1,ACC1, Acetyl-CoA carboxylase; biotin containing enzyme that catalyzes the carboxylation of acetyl-CoA to form malonyl-CoA; required for de novo biosynthesis of long-chain fatty acids; Acc1p [Saccharomyces cerevisiae] Sequence length ,NP_942135.1,45%,AfXP_755201.1,CAXP_718624.1,CGXP_449236.1,CNXP_571316.1,DHXP_457211.1,EGNP_982612.1,KLXP_455355.1,SPNP_593271.1,YLXP_501721.1
NP_009679.1,GRS1, Cytoplasmic and mitochondrial glycyl-tRNA synthase that ligates glycine to the cognate anticodon bearing tRNA; tranription termination factor that may interact with the 3'-end of pre-mRNA to promote 3'-end formation; Grs1p [S,NP_002038.1,45%,AfXP_754040.1,CAXP_715922.1,CGXP_446421.1,CNXP_571244.1,DHXP_459646.1,EGNP_983723.1,KLXP_451926.1,SPNP_593935.1,YLXP_503947.1
NP_015297.1,ERG10, Acetyl-CoA C-acetyltransferase (acetoacetyl-CoA thiolase); cytosolic enzyme that transfers an acetyl group from one acetyl-CoA molecule to another; forming acetoacetyl-CoA; involved in the first step in mevalonate biosynthesis;,NP_000010.1,45%,AfXP_747207.1,CAXP_710124.1,CGXP_449306.1,CNXP_569717.1,DHXP_460741.1,EGNP_984262.1,KLXP_453599.1,SPNP_596686.1,YLXP_500646.1
NP_009477.1,ILS1, Cytoplasmic isoleucine-tRNA synthetase; target of the G1-specific inhibitor reveromycin A; Ils1p [Saccharomyces cerevisiae] Sequence length = 1072,NP_002152.1,45%,AfXP_752741.1,CAXP_712270.1,CGXP_446507.1,CNXP_566621.1,DHXP_456601.1,EGNP_985249.1,KLXP_454879.1,SPNP_595569.1,YLXP_499609.1
NP_010306.1,SES1, Cytosolic seryl-tRNA synthetase; class II aminoacyl-tRNA synthetase that aminoacylates tRNA(Ser); displays tRNA-dependent amino acid recognition which enhances dirimination of the serine substrate; interacts with peroxin Pex2,NP_006504.2,45%,AfXP_754081.1,CAXP_720099.1,CGXP_448725.1,CNXP_570144.1,DHXP_461614.1,EGNP_982859.1,KLXP_451464.1,SPNP_594867.1,YLXP_504912.1
NP_015007.1,PRE10, 20S proteasome alpha-type subunit; Pre10p [Saccharomyces cerevisiae] Sequence length = 288,NP_002779.1,45%,AfXP_750527.1,CAXP_720905.1,CGXP_447060.1,CNXP_572523.1,DHXP_460784.1,EGNP_984496.1,KLXP_451153.1,SPNP_588040.1,YLXP_505120.1
NP_011932.2,RRP3, Protein involved in rRNA processing; required for maturation of the 35S primary tranript of pre-rRNA and for cleavage leading to mature 18S rRNA; homologous to eIF-4a; which is a DEAD box RNA-dependent ATPase with helicase a,NP_057439.2,46%,AfXP_750371.1,CAXP_719308.1,CGXP_448186.1,CNXP_572889.1,DHXP_459659.1,EGNP_982501.1,KLXP_452854.1,SPNP_593835.1,YLXP_500004.1
NP_012526.1,CCT8, Subunit of the cytosolic chaperonin Cct ring complex; related to Tcp1p; required for the assembly of actin and tubulins in vivo; Cct8p [Saccharomyces cerevisiae] Sequence length = 568,NP_006576.2,46%,AfXP_751852.1,CAXP_719058.1,CGXP_445547.1,CNXP_569582.1,DHXP_456907.1,EGNP_983448.1,KLXP_453479.1,SPNP_595406.1,YLXP_502689.1
NP_015232.1,NOG1, Putative GTPase that associates with free 60S ribosomal subunits in the nucleolus and is required for 60S ribosomal subunit biogenesis; constituent of 66S pre-ribosomal particles; member of the ODN family of nucleolar G-protein,NP_036473.2,46%,AfXP_755483.1,CAXP_716625.1,CGXP_447044.1,CNXP_568664.1,DHXP_459177.1,EGNP_986860.1,KLXP_455039.1,SPNP_595499.2,YLXP_500368.1
NP_010181.1,CDC2, Catalytic subunit of DNA polymerase delta; required for comosomal DNA replication during mitosis and meiosis; intragenic recombination; repair of double strand DNA breaks; and DNA replication during nucleotide excision repair,NP_002682.1,46%,AfXP_755997.1,CAXP_717004.1,CGXP_449097.1,CNXP_567620.1,DHXP_462512.1,EGNP_985361.1,KLXP_454020.1,SPNP_596124.1,YLXP_499875.1
NP_009530.1,MCM2, Protein involved in DNA replication; component of the Mcm2-7 hexameric complex that binds comatin as a part of the pre-replicative complex; Mcm2p [Saccharomyces cerevisiae] Sequence length = 868,NP_004517.2,46%,AfXP_754223.1,CAXP_715131.1,CGXP_447899.1,CNXP_571963.1,DHXP_461279.1,EGNP_985725.1,KLXP_455649.1,SPNP_595477.1,YLXP_505001.1
NP_014441.1,MVD1, Mevalonate pyrophosphate decarboxylase; essential enzyme involved in the biosynthesis of isoprenoids and sterols; including ergosterol; acts as a homodimer; Mvd1p [Saccharomyces cerevisiae] Sequence length = 396,NP_002452.1,46%,AfXP_752113.1,CAXP_719064.1,CGXP_445335.1,CNXP_568247.1,DHXP_456912.1,EGNP_986435.1,KLXP_455548.1,SPNP_594027.1,YLXP_505041.1
NP_014689.1,DBP5, Cytoplasmic ATP-dependent RNA helicase of the DEAD-box family involved in mRNA export from the nucleus; Dbp5p [Saccharomyces cerevisiae] Sequence length = 482,NP_009173.1,46%,AfXP_749257.1,CAXP_721738.1,CGXP_449206.1,CNXP_572663.1,DHXP_459226.1,EGNP_983480.1,KLXP_455798.1,SPNP_596016.1,YLXP_504635.1
NP_012533.1,PRE3, 20S proteasome beta-type subunit; responsible for cleavage after acidic residues in peptides; Pre3p [Saccharomyces cerevisiae] Sequence length = 215,NP_002789.1,46%,AfXP_749045.1,CAXP_714697.1,CGXP_445549.1,CNXP_568884.1,DHXP_458199.1,EGNP_982370.1,KLXP_455662.1,SPNP_596295.1,YLXP_505432.1
NP_014904.1,RPN8, Essential; non-ATPase regulatory subunit of the 26S proteasome; has similarity to the human p40 proteasomal subunit and to another S. cerevisiae regulatory subunit; Rpn11p; Rpn8p [Saccharomyces cerevisiae] Sequence length = 338,NP_002802.2,46%,AfXP_750500.1,CAXP_714586.1,CGXP_448606.1,CNXP_566467.1,DHXP_461156.1,EGNP_982426.1,KLXP_452622.1,SPNP_587803.1,YLXP_503049.1
NP_013161.1,FRS1, Beta subunit of cytoplasmic phenylalanyl-tRNA synthetase; forms a tetramer with Frs2p to generate the active enzyme; evolutionarily distant from mitochondrial phenylalanyl-tRNA synthetase based on protein sequence; but substrat,NP_005678.2,47%,AfXP_750311.1,CAXP_718335.1,CGXP_446046.1,CNXP_569623.1,DHXP_460688.1,EGNP_983621.1,KLXP_453289.1,SPNP_594442.1,YLXP_504288.1
NP_015413.1,SRP54, Signal recognition particle (SRP) subunit (homolog of mammalian SRP54); contains the signal sequence-binding activity of SRP; interacts with the SRP RNA; and mediates binding of SRP to signal receptor; contains GTPase domain; S,NP_003127.1,47%,AfXP_747957.1,CAXP_717934.1,CGXP_448568.1,CNXP_570933.1,DHXP_460149.1,EGNP_982582.1,KLXP_453464.1,SPNP_588209.1,YLXP_504966.1
NP_116631.1,FRS2, Alpha subunit of cytoplasmic phenylalanyl-tRNA synthetase; forms a tetramer with Frs1p to form active enzyme; evolutionarily distant from mitochondrial phenylalanyl-tRNA synthetase based on protein sequence; but substrate bind,NP_004452.1,47%,AfXP_749491.1,CAXP_721187.1,CGXP_448554.1,CNXP_567522.1,DHXP_457737.1,EGNP_986063.1,KLXP_456205.1,SPNP_594078.1,YLXP_502905.1
NP_011734.1,CRM1, Major karyopherin; involved in export of proteins; RNAs; and ribosomal subunits from the nucleus; Crm1p [Saccharomyces cerevisiae] Sequence length = 1084,NP_003391.1,47%,AfXP_752246.1,CAXP_718640.1,CGXP_445065.1,CNXP_571886.1,DHXP_457080.1,EGNP_983968.1,KLXP_454672.1,SPNP_001018253.1,YLXP_505234.1
NP_012725.1,YKT6, v-SNARE (synaptobrevin) essential for endoplasmic reticulum-Golgi transport; has similarity to Sec22p; Snc1p; and Snc2p; Ykt6p [Saccharomyces cerevisiae] Sequence length = 200,NP_006546.1,47%,AfXP_751873.1,CAXP_721473.1,CGXP_445567.1,CNXP_567785.1,DHXP_458810.1,EGNP_984969.1,KLXP_453187.1,SPNP_596561.1,YLXP_504225.1
NP_012606.1,YJR072C, Cytoplasmic protein required for cell viability; identified by association with pre-ribosomal particles; Npa3p [Saccharomyces cerevisiae] Sequence length = 385,NP_009197.1,47%,AfXP_751648.1,CAXP_721306.1,CGXP_448243.1,CNXP_570415.1,DHXP_461286.1,EGNP_985975.1,KLXP_452160.1,SPNP_595297.1,YLXP_504237.1
NP_014045.1,PRE5, 20S proteasome alpha-type subunit; Pre5p [Saccharomyces cerevisiae] Sequence length = 234,NP_002777.1,47%,AfXP_747599.1,CAXP_715227.1,CGXP_449953.1,CNXP_569297.1,DHXP_462266.1,EGNP_986331.1,KLXP_451444.1,SPNP_594101.1,YLXP_501939.1
NP_014955.1,NOP5, Protein involved in pre-rRNA processing; 18S rRNA synthesis; and snoRNA synthesis; component of the small subunit processome complex; which is required for processing of pre-18S rRNA; Nop58p [Saccharomyces cerevisiae] Sequence ,NP_057018.1,47%,AfXP_754282.1,CAXP_712460.1,CGXP_447673.1,CNXP_571279.1,DHXP_461845.1,EGNP_985875.1,KLXP_455471.1,SPNP_593106.1,YLXP_500366.1
NP_014287.1,DBP2, Essential ATP-dependent RNA helicase of the DEAD-box protein family; involved in nonsense-mediated mRNA decay and rRNA processing; Dbp2p [Saccharomyces cerevisiae] Sequence length = 546,NP_004387.1,47%,AfXP_755408.1,CAXP_710694.1,CGXP_448941.1,CNXP_571268.1,DHXP_456892.1,EGNP_985329.1,KLXP_456137.1,SPNP_596523.1,YLXP_504478.1
NP_013309.1,SEC13, Component of both the Nup84 nuclear pore sub-complex and of the COPII complex (Sar1p; Sec13p; Sec16p; Sec23p; Sec24p; Sec31p; Sfb2p; and Sfb3p) which is important for the formation of ER to Golgi transport vesicles; Sec13p [Sac,NP_899195.1,48%,AfXP_752215.1,CAXP_720143.1,CGXP_448090.1,CNXP_572627.1,DHXP_461910.1,EGNP_983601.1,KLXP_452944.1,SPNP_596692.1,YLXP_506037.1
NP_009377.1,MAK16, Essential nuclear protein; constituent of 66S pre-ribosomal particles; required for normal concentration of free 60S ribosomal subunits; required for maintenance of M1 satellite double-stranded RNA of the L-A virus; Mak16p [Sac,NP_115898.2,48%,AfXP_747652.1,CAXP_711515.1,CGXP_446633.1,CNXP_571543.1,DHXP_460444.1,EGNP_984445.1,KLXP_451178.1,SPNP_593145.1,YLXP_501581.1
NP_015428.1,PRE2, 20S proteasome beta-type subunit; responsible for the chymotryptic activity of the proteasome; Pre2p [Saccharomyces cerevisiae] Sequence length = 287,NP_002788.1,48%,AfXP_750720.1,CAXP_714764.1,CGXP_446439.1,CNXP_571562.1,DHXP_460428.1,EGNP_984534.1,KLXP_455453.1,SPNP_593825.1,YLXP_500920.1
NP_012602.1,RFC2, Subunit of heteropentameric Replication factor C (RF-C); which is a DNA binding protein and ATPase that acts as a clamp loader of the proliferating cell nuclear antigen (PCNA) processivity factor for DNA polymerases delta and e,NP_853551.1,48%,AfXP_754784.1,CAXP_720328.1,CGXP_445993.1,CNXP_572269.1,DHXP_461055.1,EGNP_985969.1,KLXP_452154.1,SPNP_594540.1,YLXP_503793.1
NP_009398.1,EFB1, Translation elongation factor 1 beta; stimulates nucleotide exchange to regenerate EF-1 alpha-GTP for the next elongation cycle; part of the EF-1 complex; which facilitates binding of aminoacyl-tRNA to the ribosomal A site; Efb,NP_001950.1,48%,AfXP_752484.1,CAXP_717318.1,CGXP_446340.1,CNXP_569674.1,DHXP_458172.1,EGNP_985550.1,KLXP_453023.1,SPNP_588303.1,YLXP_505218.1
NP_009362.1,CDC19, Pyruvate kinase; functions as a homotetramer in glycolysis to convert phosphoenolpyruvate to pyruvate; the input for aerobic (TCA cycle) or anaerobic (glucose fermentation) respiration; Cdc19p [Saccharomyces cerevisiae] Sequenc,NP_002645.3,48%,AfXP_750636.1,CAXP_714997.1,CGXP_449865.1,CNXP_569611.1,DHXP_458945.1,EGNP_984464.1,KLXP_456122.1,SPNP_594346.1,YLXP_505195.1
NP_010742.1,GUK1, Guanylate kinase; converts GMP to GDP; required for growth and mannose outer chain elongation of cell wall N-linked glycoproteins; Guk1p [Saccharomyces cerevisiae] Sequence length = 187,NP_000849.1,48%,AfXP_752251.1,CAXP_711188.1,CGXP_448496.1,CNXP_570490.1,DHXP_461891.1,EGNP_985165.1,KLXP_451606.1,SPNP_595074.1,YLXP_501903.1
NP_014109.1,RFC3, Subunit of heteropentameric Replication factor C (RF-C); which is a DNA binding protein and ATPase that acts as a clamp loader of the proliferating cell nuclear antigen (PCNA) processivity factor for DNA polymerases delta and e,NP_031396.1,48%,AfXP_748155.1,CAXP_710962.1,CGXP_449501.1,CNXP_568598.1,DHXP_460270.1,EGNP_984665.1,KLXP_454545.1,SPNP_594412.2,YLXP_499674.1
NP_012123.1,SSL2, Component of the holoenzyme form of RNA polymerase tranription factor TFIIH; has DNA-dependent ATPase/helicase activity and is required; with Rad3p; for unwinding promoter DNA; involved in DNA repair; homolog of human ERCC3; ,NP_000113.1,48%,AfXP_748011.1,CAXP_715788.1,CGXP_449135.1,CNXP_566947.1,DHXP_459707.1,EGNP_985827.1,KLXP_454537.1,SPNP_593474.1,YLXP_500771.1
NP_010141.1,RPO21, RNA polymerase II largest subunit B220; part of central core; phosphorylation of C-terminal heptapeptide repeat domain regulates association with tranription and splicing factors; similar to bacterial beta-prime; Rpo21p [Sacc,NP_000928.1,49%,AfXP_752837.1,CAXP_719414.1,CGXP_447415.1,CNXP_570943.1,DHXP_456921.1,EGNP_984182.1,KLXP_455310.1,SPNP_595673.1,YLXP_501909.1
NP_013287.1,EMG1, Protein required for the maturation of the 18S rRNA and for 40S ribosome production; associated with spindle/microtubules; nuclear localization depends on physical interaction with Nop14p; may bind snoRNAs; Emg1p [Saccharomyces,NP_006322.2,49%,AfXP_755005.1,CAXP_713798.1,CGXP_445023.1,CNXP_567372.1,DHXP_459916.1,EGNP_986234.1,KLXP_452281.1,SPNP_593671.1,YLXP_503418.1
NP_009872.1,KRR1, Essential nucleolar protein required for the synthesis of 18S rRNA and for the assembly of 40S ribosomal subunit; Krr1p [Saccharomyces cerevisiae] Sequence length = 316,NP_008974.4,49%,AfXP_755471.1,CAXP_713834.1,CGXP_444985.1,CNXP_570142.1,DHXP_459920.1,EGNP_986293.1,KLXP_452216.1,SPNP_596073.1,YLXP_506048.1
NP_011424.1,NBP35, Essential nuclear protein; evolutionarily conserved putative ATPase; exhibits genetic interaction with CDC2 encoding the catalytic subunit of DNA polymerase delta; Nbp35p [Saccharomyces cerevisiae] Sequence length = 328,NP_002475.1,49%,AfXP_755931.1,CAXP_710994.1,CGXP_446927.1,CNXP_570859.1,DHXP_458323.1,EGNP_985488.1,KLXP_454809.1,SPNP_594626.1,YLXP_503456.1
NP_010953.1,KRE30, ATPase of the ATP-binding cassette (ABC) family involved in ribosome biogenesis; has similarity to Gcn20p; Arb1p [Saccharomyces cerevisiae] Sequence length = 610,NP_009120.1,49%,AfXP_753932.1,CAXP_716024.1,CGXP_445278.1,CNXP_570375.1,DHXP_461670.1,EGNP_985779.1,KLXP_451063.1,SPNP_595939.1,YLXP_503164.1
NP_015194.1,RPL5, Protein component of the large (60S) ribosomal subunit with similarity to E. coli L18 and rat L5 ribosomal proteins; binds 5S rRNA and is required for 60S subunit assembly; Rpl5p [Saccharomyces cerevisiae] Sequence length = 297,NP_000960.2,49%,AfXP_752659.1,CAXP_720866.1,CGXP_449464.1,CNXP_569733.1,DHXP_462579.1,EGNP_983506.1,KLXP_453370.1,SPNP_596399.1,YLXP_504264.1
NP_011957.1,GAR1, Protein component of the H/ACA snoRNP pseudouridylase complex; involved in the modification and cleavage of the 18S pre-rRNA; Gar1p [Saccharomyces cerevisiae] Sequence length = 205,NP_127460.1,50%,AfXP_751462.1,CAXP_713063.1,CGXP_446884.1,CNXP_572900.1,DHXP_457810.1,EGNP_984765.1,KLXP_456044.1,SPNP_596365.1,YLXP_502208.1
NP_011392.1,RPS2, Protein component of the small (40S) subunit; essential for control of translational accuracy; has similarity to E. coli S5 and rat S2 ribosomal proteins; Rps2p [Saccharomyces cerevisiae] Sequence length = 254,XP_039218.7,50%,AfXP_746786.1,CAXP_718427.1,CGXP_446276.1,CNXP_571691.1,DHXP_456741.1,EGNP_982720.1,KLXP_455527.1,SPNP_588435.1,YLXP_503943.1
NP_014759.1,RPO31, RNA polymerase III subunit C160; part of core enzyme; similar to bacterial beta-prime subunit; Rpo31p [Saccharomyces cerevisiae] Sequence length = 1460,NP_008986.2,50%,AfXP_754189.1,CAXP_715412.1,CGXP_449275.1,CNXP_571468.1,DHXP_462102.1,EGNP_985109.1,KLXP_454912.1,SPNP_595506.1,YLXP_502142.1
NP_014980.1,ALA1, Cytoplasmic alanyl-tRNA synthetase; required for protein synthesis; point mutation (cdc64-1 allele) causes cell cycle arrest at G1; lethality of null mutation is functionally complemented by human homolog; Ala1p [Saccharomyces ,NP_001596.1,50%,AfXP_747195.1,CAXP_718082.1,CGXP_445923.1,CNXP_571590.1,DHXP_456501.1,EGNP_984459.1,KLXP_455190.1,SPNP_593640.1,YLXP_500483.1
NP_015507.1,SEC23, GTPase-activating protein; component of the Sec23p-Sec24p heterodimeric complex of the COPII vesicle coat; involved in ER to Golgi transport and autophagy; stimulates the GDP-bound form of Sar1p; Sec23p [Saccharomyces cerevisia,NP_116781.1,50%,AfXP_750090.1,CAXP_716507.1,CGXP_446808.1,CNXP_567493.1,DHXP_459434.1,EGNP_984588.1,KLXP_454166.1,SPNP_587900.1,YLXP_504047.1
NP_015502.1,BET2, Beta subunit of Type II geranylgeranyltransferase required for vesicular transport between the endoplasmic reticulum and the Golgi; provides a membrane attachment moiety to Rab-like proteins Ypt1p and Sec4p; Bet2p [Saccharomyce,NP_004573.2,50%,AfXP_749064.1,CAXP_719325.1,CGXP_446787.1,CNXP_570274.1,DHXP_459453.1,EGNP_984592.1,KLXP_454162.1,SPNP_593383.1,YLXP_504498.1
NP_014847.1,DED1, ATP-dependent DEAD (Asp-Glu-Ala-Asp)-box RNA helicase; required for translation initiation of all yeast mRNAs; mutations in human DEAD-box DBY are a frequent cause of male infertility; Ded1p [Saccharomyces cerevisiae] Sequence ,NP_001347.2,50%,AfXP_752059.1,CAXP_716633.1,CGXP_448898.1,CNXP_567133.1,DHXP_458265.1,EGNP_983823.1,KLXP_455126.1,SPNP_588033.1,YLXP_502093.1
NP_010332.1,HEM12, Uroporphyrinogen decarboxylase; catalyzes the fifth step in the heme biosynthetic pathway; localizes to both the cytoplasm and nucleus; activity inhibited by Cu2+; Zn2+; Fe2+; Fe3+ and sulfyl-specific reagents; Hem12p [Sacc,NP_000365.3,50%,AfXP_750255.1,CAXP_717171.1,CGXP_447163.1,CNXP_568749.1,DHXP_460636.1,EGNP_986457.1,KLXP_455614.1,SPNP_588085.1,YLXP_501337.1
NP_014210.1,SRP1, Karyopherin alpha homolog; forms a dimer with karyopherin beta Kap95p to mediate import of nuclear proteins; binds the nuclear localization signal of the substrate during import; may also play a role in regulation of protein de,NP_036448.1,51%,AfXP_755944.1,CAXP_710511.1,CGXP_448210.1,CNXP_570493.1,DHXP_461568.1,EGNP_982797.1,KLXP_453445.1,SPNP_596632.1,YLXP_505993.1
NP_012712.1,UBA1, Ubiquitin activating enzyme; involved in ubiquitin-mediated protein degradation and essential for viability; Uba1p [Saccharomyces cerevisiae] Sequence length = 1024,NP_003325.2,51%,AfXP_755911.1,CAXP_716099.1,CGXP_448238.1,CNXP_566574.1,DHXP_461109.1,EGNP_985980.1,KLXP_452166.1,SPNP_596619.2,YLXP_503611.1
NP_009523.1,PET9, Major ADP/ATP carrier of the mitochondrial inner membrane; exchanges cytosolic ADP for mitochondrially synthesized ATP; required for viability in many common lab strains carrying a mutation in the polymorphic SAL1 gene; Pet9p [,NP_112581.1,51%,AfXP_750288.1,CAXP_716829.1,CGXP_446154.1,CNXP_568302.1,DHXP_459840.1,EGNP_985041.1,KLXP_454505.1,SPNP_595323.1,YLXP_499953.1
NP_012485.1,MTR4, Dead-box family ATP dependent helicase required for mRNA export from the nucleus; co-factor of the exosome complex; required for 3' end formation of 5.8S rRNA; Mtr4p [Saccharomyces cerevisiae] Sequence length = 1073,NP_056175.2,51%,AfXP_752110.1,CAXP_711675.1,CGXP_447920.1,CNXP_570437.1,DHXP_458244.1,EGNP_984680.1,KLXP_455141.1,SPNP_593302.1,YLXP_502733.1
NP_011098.1,RAD3, 5' to 3' DNA helicase; involved in nucleotide excision repair and tranription; subunit of RNA polymerase II tranription initiation factor TFIIH; subunit of Nucleotide Excision Repair Factor 3 (NEF3); homolog of human XPD pr,NP_000391.1,51%,AfXP_752761.1,CAXP_720409.1,CGXP_449286.1,CNXP_566880.1,DHXP_462055.1,EGNP_986780.1,KLXP_452994.1,SPNP_593025.1,YLXP_505677.1
NP_116650.1,SEC4, Secretory vesicle-associated Rab GTPase essential for exocytosis; associates with the exocyst component Sec15p and may regulate polarized delivery of transport vesicles to the exocyst at the plasma membrane; Sec4p [Saccharomyc,NP_057215.2,51%,AfXP_746667.1,CAXP_718333.1,CGXP_446065.1,CNXP_569689.1,DHXP_460687.1,EGNP_986645.1,KLXP_454494.1,SPNP_594580.1,YLXP_504292.1
NP_013083.1,DPS1, Cytoplasmic aspartyl-tRNA synthetase; homodimeric enzyme that catalyzes the specific aspartylation of tRNA(Asp); class II aminoacyl tRNA synthetase; binding to its own mRNA may confer autoregulation; Dps1p [Saccharomyces cerevi,NP_001340.2,51%,AfXP_749394.1,CAXP_713240.1,CGXP_445690.1,CNXP_570076.1,DHXP_456856.1,EGNP_984057.1,KLXP_453236.1,SPNP_588352.1,YLXP_503144.1
NP_011475.1,HEM2, Delta-aminolevulinate deatase; a homo-octameric enzyme; catalyzes the conversion of delta-aminolevulinic acid to porphobilinogen; the second step in the heme biosynthetic pathway; localizes to both the cytoplasm and nucleus,NP_000022.2,51%,AfXP_752242.1,CAXP_721140.1,CGXP_445673.1,CNXP_566698.1,DHXP_460216.1,EGNP_986680.1,KLXP_455502.1,SPNP_593917.1,YLXP_505679.1
NP_011883.1,DED81, Cytosolic asparaginyl-tRNA synthetase; required for protein synthesis; catalyzes the specific attachment of asparagine to its cognate tRNA; Ded81p [Saccharomyces cerevisiae] Sequence length = 554,NP_004530.1,52%,AfXP_749694.1,CAXP_712154.1,CGXP_444856.1,CNXP_570734.1,DHXP_458273.1,EGNP_984841.1,KLXP_451372.1,SPNP_595125.1,YLXP_503565.1
NP_014324.1,IMP4, Component of the SSU processome; which is required for pre-18S rRNA processing; interacts with Mpp10p; member of a superfamily of proteins that contain a sigma(70)-like motif and associate with RNAs; Imp4p [Saccharomyces cerevi,NP_219484.1,52%,AfXP_752677.1,CAXP_714230.1,CGXP_448157.1,CNXP_571230.1,DHXP_456780.1,EGNP_985285.1,KLXP_454302.1,SPNP_593785.1,YLXP_503208.1
NP_014800.1,PUP1, Endopeptidase with trypsin-like activity that cleaves after basic residues; beta-type subunit of 20S proteasome synthesized as a proprotein before being proteolytically processed for assembly into 20S particle; human homolog is,NP_002790.1,52%,AfXP_749622.1,CAXP_719367.1,CGXP_448962.1,CNXP_569684.1,DHXP_461801.1,EGNP_982661.1,KLXP_451099.1,SPNP_594544.1,YLXP_502812.1
NP_015360.1,GLN1, Glutamine synthetase (GS); synthesizes glutamine from glutamate and ammonia; with Glt1p; forms the secondary pathway for glutamate biosynthesis from ammonia; expression regulated by nitrogen source and by amino acid limitation;,NP_002056.2,52%,AfXP_751519.1,CAXP_711992.1,CGXP_448458.1,CNXP_566794.1,DHXP_462371.1,EGNP_983584.1,KLXP_454231.1,SPNP_593400.1,YLXP_504822.1
NP_012540.1,SUI2, Alpha subunit of the translation initiation factor eIF2; involved in the identification of the start codon; phosphorylation of Ser51 is required for regulation of translation by inhibiting the exchange of GDP for GTP; Sui2p [Sa,NP_004085.1,52%,AfXP_754274.1,CAXP_718720.1,CGXP_445135.1,CNXP_572732.1,DHXP_461415.1,EGNP_986986.1,KLXP_451514.1,SPNP_594081.1,YLXP_500370.1
NP_011848.1,RPS20, Protein component of the small (40S) ribosomal subunit; overproduction suppresses mutations affecting RNA polymerase III-dependent tranription; has similarity to E. coli S10 and rat S20 ribosomal proteins; Rps20p [Saccharomyc,NP_001014.1,52%,AfXP_749350.1,CAXP_716215.1,CGXP_448361.1,CNXP_569465.1,DHXP_456819.1,EGNP_982987.1,KLXP_456218.1,SPNP_588436.1,YLXP_504193.1
NP_012889.1,UGP1, UDP-glucose pyrophosphorylase or UTP-glucose-1-phosphate uridylyltransferase; EC:2.7.7.9; Ugp1p [Saccharomyces cerevisiae] Sequence length = 499,NP_001001521.1,52%,AfXP_746749.1,CAXP_710250.1,CGXP_448853.1,CNXP_569599.1,DHXP_462543.1,EGNP_986584.1,KLXP_456222.1,SPNP_588132.1,YLXP_499685.1
NP_009565.1,IPP1, Cytoplasmic inorganic pyrophosphatase (PPase); catalyzes the rapid exchange of oxygens from Pi with water; highly expressed and essential for viability; active-site residues show identity to those from E. coli PPase; Ipp1p [Sac,NP_066952.1,52%,AfXP_754776.1,CAXP_714437.1,CGXP_447227.1,CNXP_571083.1,DHXP_457514.1,EGNP_984875.1,KLXP_454746.1,SPNP_593636.1,YLXP_505378.1
NP_010335.1,TPI1, induced under stress conditions; triosephosphate isomerase; Tpi1p [Saccharomyces cerevisiae] Sequence length = 248,NP_000356.1,53%,AfXP_753309.1,CAXP_719725.1,CGXP_447161.1,CNXP_571026.1,DHXP_460653.1,EGNP_986466.1,KLXP_455924.1,SPNP_588024.1,YLXP_505023.1
NP_011493.1,STT3, Subunit of the oligosaccharyltransferase complex of the ER lumen; which catalyzes asparagine-linked glycosylation of newly synthesized proteins; forms a subcomplex with Ost3p and Ost4p and is directly involved in catalysis; Stt,NP_689926.1,53%,AfXP_747250.1,CAXP_722527.1,CGXP_444781.1,CNXP_572845.1,DHXP_457160.1,EGNP_986038.1,KLXP_452719.1,SPNP_595148.1,YLXP_500973.1
NP_013618.1,PRE8, 20S proteasome beta-type subunit; Pre8p [Saccharomyces cerevisiae] Sequence length = 250,NP_002778.1,53%,AfXP_748923.1,CAXP_716469.1,CGXP_447101.1,CNXP_569251.1,DHXP_456467.1,EGNP_983741.1,KLXP_453523.1,SPNP_588320.1,YLXP_505073.1
NP_012018.1,IMP3, Component of the SSU processome; which is required for pre-18S rRNA processing; essential protein that interacts with Mpp10p and mediates interactions of Imp4p and Mpp10p with U3 snoRNA; Imp3p [Saccharomyces cerevisiae] Sequenc,NP_060755.1,53%,AfXP_755166.1,CAXP_718645.1,CGXP_447330.1,CNXP_567267.1,DHXP_457085.1,EGNP_983965.1,KLXP_454669.1,SPNP_594903.1,YLXP_505533.1
NP_012741.1,RPL17A, Protein component of the large (60S) ribosomal subunit; nearly identical to Rpl17Bp and has similarity to E. coli L22 and rat L17 ribosomal proteins; copurifies with the components of the outer kinetochore DASH complex; Rpl17ap,NP_000976.1,53%,AfXP_752811.1,CAXP_712916.1,CGXP_449699.1,CNXP_568654.1,DHXP_460718.1,EGNP_984724.1,KLXP_451283.1,SPNP_595711.1,YLXP_501885.1
NP_011504.1,SCL1, Alpha subunit of the 20S core complex of the 26S proteasome involved in the degradation of ubiquitinated substrates; essential for growth; detected in the mitochondria; l1p [Saccharomyces cerevisiae] Sequence length = 252,NP_002782.1,54%,AfXP_754489.1,CAXP_717755.1,CGXP_444790.1,CNXP_568975.1,DHXP_456708.1,EGNP_986577.1,KLXP_451221.1,SPNP_595374.1,YLXP_501500.1
NP_010330.1,RPC11, RNA polymerase III subunit C11; mediates pol III RNA cleavage activity and is important for termination of tranription; Rpc11p [Saccharomyces cerevisiae] Sequence length = 110,NP_057394.1,54%,AfXP_750387.1,CAXP_717083.1,CGXP_447165.1,CNXP_571795.1,DHXP_460643.1,EGNP_986694.1,KLXP_455912.1,SPNP_593235.1,YLXP_503146.1
NP_011020.1,PUP3, Beta subunit of the 20S proteasome involved in ubiquitin-dependent catabolism; human homolog is subunit C10; Pup3p [Saccharomyces cerevisiae] Sequence length = 205,NP_002786.2,54%,AfXP_752084.1,CAXP_711676.1,CGXP_447463.1,CNXP_566705.1,DHXP_458253.1,EGNP_983166.1,KLXP_454865.1,SPNP_587985.1,YLXP_505745.1
NP_013444.1,RPP0, Conserved ribosomal protein P0 similar to rat P0; human P0; and E. coli L10e; shown to be phosphorylated on serine 302; Rpp0p [Saccharomyces cerevisiae] Sequence length = 312,NP_000993.1,54%,AfXP_750257.1,CAXP_720309.1,CGXP_446404.1,CNXP_571764.1,DHXP_461310.1,EGNP_983226.1,KLXP_451800.1,SPNP_588393.1,YLXP_500870.1
NP_116578.1,THS1, Teonyl-tRNA synthetase; essential cytoplasmic protein; Ths1p [Saccharomyces cerevisiae] Sequence length = 734,NP_689508.3,54%,AfXP_751461.1,CAXP_710514.1,CGXP_449908.1,CNXP_569057.1,DHXP_457398.1,EGNP_983365.1,KLXP_455348.1,SPNP_596364.1,YLXP_505278.1
NP_014547.1,RFC4, Subunit of heteropentameric Replication factor C (RF-C); which is a DNA binding protein and ATPase that acts as a clamp loader of the proliferating cell nuclear antigen (PCNA) processivity factor for DNA polymerases delta and e,NP_852136.1,54%,AfXP_747574.1,CAXP_719417.1,CGXP_447581.1,CNXP_571983.1,DHXP_456919.1,EGNP_984207.1,KLXP_452362.1,SPNP_593121.1,YLXP_505116.1
NP_011062.1,GDI1, GDP dissociation inhibitor; regulates vesicle traffic in secretory pathways by regulating the dissociation of GDP from the Sec4/Ypt/rab family of GTP binding proteins; Gdi1p [Saccharomyces cerevisiae] Sequence length = 451,NP_001485.2,54%,AfXP_755448.1,CAXP_715059.1,CGXP_448309.1,CNXP_571732.1,DHXP_461431.1,EGNP_985730.1,KLXP_455498.1,SPNP_593749.1,YLXP_504740.1
NP_009912.2,NFS1, Cysteine desulfurase involved in iron-sulfur cluster (Fe/S)biogenesis; required for the post-tranriptional thio-modification of mitochondrial and cytoplasmic tRNAs; essential protein located predominantly in mitochondria; Nf,NP_066923.3,54%,AfXP_754202.1,CAXP_720372.1,CGXP_446960.1,CNXP_570136.1,DHXP_462019.1,EGNP_982529.1,KLXP_453279.1,SPNP_596002.1,YLXP_501996.1
NP_015057.1,DIM1, Essential 18S rRNA dimethylase; responsible for conserved m6(2)Am6(2)A dimethylation in 3'-terminal loop of 18 S rRNA; part of 90S and 40S pre-particles in nucleolus; involved in pre-ribosomal RNA processing; Dim1p [Saccharomyc,NP_055288.1,54%,AfXP_749024.1,CAXP_722328.1,CGXP_449111.1,CNXP_567269.1,DHXP_458685.1,EGNP_983429.1,KLXP_453098.1,SPNP_596122.1,YLXP_503386.1
NP_011935.1,DYS1, Deoxyhypusine synthase; catalyzes formation of deoxyhypusine; the first step in hypusine biosynthesis; triggers posttranslational hypusination of translation elongation factor eIF-5A and regulates its intracellular levels; tetr,NP_001921.1,55%,AfXP_748168.1,CAXP_721705.1,CGXP_447112.1,CNXP_567440.1,DHXP_461646.1,EGNP_982506.1,KLXP_454522.1,SPNP_595146.1,YLXP_500356.1
NP_014521.1,RPL18B, Protein component of the large (60S) ribosomal subunit; identical to Rpl18Bp and has similarity to rat L18 ribosomal protein; intron of RPL18A pre-mRNA forms stem-loop structures that are a target for Rnt1p cleavage leading to ,NP_000970.1,55%,AfXP_755074.1,CAXP_723046.1,CGXP_445777.1,CNXP_570671.1,DHXP_461079.1,EGNP_983939.1,KLXP_451321.1,SPNP_001018228.1,YLXP_500658.1
NP_013482.1,SEC61, Essential subunit of Sec61 complex (Sec61p; Sbh1p; and Sss1p); forms a channel for SRP-dependent protein import and retrograde transport of misfolded proteins out of the ER; with Sec63 complex allows SRP-independent protein imp,NP_037468.1,55%,AfXP_753823.1,CAXP_710932.1,CGXP_447011.1,CNXP_572757.1,DHXP_460412.1,EGNP_986143.1,KLXP_454000.1,SPNP_595226.1,YLXP_504248.1
NP_013360.1,HSP60, Tetradecameric mitochondrial chaperonin required for ATP-dependent folding of precursor polypeptides and complex assembly; prevents aggregation and mediates protein refolding after heat shock; role in mtDNA transmission; simila,NP_955472.1,55%,AfXP_755263.1,CAXP_713100.1,CGXP_448482.1,CNXP_569211.1,DHXP_459575.1,EGNP_985702.1,KLXP_455510.1,SPNP_592894.1,YLXP_504920.1
NP_014267.1,KRE33, Essential protein of unknown function; heterozygous mutant shows haploinsufficiency in K1 killer toxin resistance; Kre33p [Saccharomyces cerevisiae] Sequence length = 1056,NP_078938.1,56%,AfXP_750280.1,CAXP_717375.1,CGXP_448638.1,CNXP_568548.1,DHXP_461271.1,EGNP_987012.1,KLXP_456167.1,SPNP_593326.1,YLXP_500898.1
NP_010219.1,UBC9, SUMO-conjugating enzyme involved in the Smt3p conjugation pathway; nuclear protein required for S- and M-phase cyclin degradation and mitotic control; involved in proteolysis mediated by the anaphase-promoting complex cyclosome,NP_919235.1,56%,AfXP_752143.1,CAXP_716262.1,CGXP_445449.1,CNXP_572712.1,DHXP_456826.1,EGNP_984916.1,KLXP_454172.1,SPNP_593204.1,YLXP_501230.1
NP_010322.1,KRS1, Lysyl-tRNA synthetase; also identified as a negative regulator of general control of amino acid biosynthesis; Krs1p [Saccharomyces cerevisiae] Sequence length = 591,NP_005539.1,56%,AfXP_750655.1,CAXP_719846.1,CGXP_448737.1,CNXP_572931.1,DHXP_460656.1,EGNP_986702.1,KLXP_455904.1,SPNP_595892.1,YLXP_505490.1
NP_012818.1,GFA1, Glutamine-fructose-6-phosphate amidotransferase; catalyzes the formation of glucosamine-6-P and glutamate from fructose-6-P and glutamine in the first step of chitin biosynthesis; Gfa1p [Saccharomyces cerevisiae] Sequence lengt,NP_005101.1,56%,AfXP_750525.1,CAXP_721697.1,CGXP_448593.1,CNXP_570207.1,DHXP_461639.1,EGNP_982911.1,KLXP_455692.1,SPNP_596011.1,YLXP_501181.1
NP_012508.1,RNR2, Ribonucleotide-diphosphate reductase (RNR); small subunit; the RNR complex catalyzes the rate-limiting step in dNTP synthesis and is regulated by DNA replication and DNA damage checkpoint pathways via localization of the small ,NP_001025.1,56%,AfXP_753417.1,CAXP_715277.1,CGXP_445565.1,CNXP_567858.1,DHXP_461732.1,EGNP_982406.1,KLXP_455757.1,SPNP_596546.1,YLXP_500466.1
NP_010474.1,CCT6, Subunit of the cytosolic chaperonin Cct ring complex; related to Tcp1p; essential protein that is required for the assembly of actin and tubulins in vivo; contains an ATP-binding motif; Cct6p [Saccharomyces cerevisiae] Sequence,NP_001753.1,56%,AfXP_754660.1,CAXP_715435.1,CGXP_446723.1,CNXP_572859.1,DHXP_462108.1,EGNP_986546.1,KLXP_453878.1,SPNP_595369.1,YLXP_503068.1
NP_116609.1,SEC53, Phosphomannomutase; involved in synthesis of GDP-mannose and dolichol-phosphate-mannose; required for folding and glycosylation of secretory proteins in the ER lumen; Sec53p [Saccharomyces cerevisiae] Sequence length = 254,NP_000294.1,56%,AfXP_750550.1,CAXP_721164.1,CGXP_448775.1,CNXP_572212.1,DHXP_457748.1,EGNP_983185.1,KLXP_453316.1,SPNP_594325.1,YLXP_502777.1
NP_011395.1,PRP43, RNA helicase in the DEAH-box family; involved in release of the lariat-intron from the spliceosome; Prp43p [Saccharomyces cerevisiae] Sequence length = 767,NP_001349.2,56%,AfXP_753488.1,CAXP_721764.1,CGXP_446279.1,CNXP_571352.1,DHXP_456737.1,EGNP_982723.1,KLXP_451555.1,SPNP_595937.1,YLXP_500940.1
NP_015113.1,NIP7, Nucleolar protein required for 60S ribosome subunit biogenesis; constituent of 66S pre-ribosomal particles; physically interacts with Nop8p and the exosome subunit Rrp43p; Nip7p [Saccharomyces cerevisiae] Sequence length = 181,NP_057185.1,56%,AfXP_756040.1,CAXP_712517.1,CGXP_449597.1,CNXP_569298.1,DHXP_457873.1,EGNP_985446.1,KLXP_451632.1,SPNP_587718.1,YLXP_504766.1
NP_011769.1,PUP2, Alpha subunit of the 20S proteasome involved in ubiquitin-dependent catabolism; human homolog is subunit zeta; Pup2p [Saccharomyces cerevisiae] Sequence length = 260,NP_002781.2,57%,AfXP_755476.1,CAXP_711800.1,CGXP_447358.1,CNXP_572324.1,DHXP_462564.1,EGNP_985153.1,KLXP_451224.1,SPNP_594372.1,YLXP_503474.1
NP_009755.1,PGI1, Glycolytic enzyme phosphoglucose isomerase; catalyzes the interconversion of glucose-6-phosphate and fructose-6-phosphate; required for cell cycle progression and completion of the gluconeogenic events of sporulation; Pgi1p [Sa,NP_000166.2,57%,AfXP_755312.1,CAXP_713554.1,CGXP_447033.1,CNXP_569228.1,DHXP_460936.1,EGNP_984612.1,KLXP_455013.1,SPNP_596635.1,YLXP_505131.1
NP_010138.1,CCT4, Subunit of the cytosolic chaperonin Cct ring complex; related to Tcp1p; required for the assembly of actin and tubulins in vivo; Cct4p [Saccharomyces cerevisiae] Sequence length = 528,NP_006421.2,57%,AfXP_754830.1,CAXP_720470.1,CGXP_447412.1,CNXP_571811.1,DHXP_457113.1,EGNP_984179.1,KLXP_455307.1,SPNP_595155.1,YLXP_505662.1
NP_015106.1,SAR1, GTPase; GTP-binding protein of the ARF family; component of COPII coat of vesicles; required for transport vesicle formation during ER to Golgi protein transport; Sar1p [Saccharomyces cerevisiae] Sequence length = 190,NP_064535.1,58%,AfXP_750243.1,CAXP_712502.1,CGXP_445945.1,CNXP_568917.1,DHXP_457862.1,EGNP_985436.1,KLXP_451622.1,SPNP_596568.1,YLXP_502108.1
NP_010993.1,RNR1, Ribonucleotide-diphosphate reductase (RNR); large subunit; the RNR complex catalyzes the rate-limiting step in dNTP synthesis and is regulated by DNA replication and DNA damage checkpoint pathways via localization of the small ,NP_001024.1,58%,AfXP_752157.1,CAXP_715255.1,CGXP_447841.1,CNXP_570896.1,DHXP_461790.1,EGNP_984039.1,KLXP_452551.1,SPNP_594491.1,YLXP_506109.1
NP_010228.1,PSA1, GDP-mannose pyrophosphorylase (mannose-1-phosphate guanyltransferase); synthesizes GDP-mannose from GTP and mannose-1-phosphate in cell wall biosynthesis; required for normal cell wall structure; Psa1p [Saccharomyces cerevisiae,NP_068806.1,58%,AfXP_751679.1,CAXP_710946.1,CGXP_445459.1,CNXP_569600.1,DHXP_460408.1,EGNP_986146.1,KLXP_454190.1,SPNP_588405.1,YLXP_501519.1
NP_012598.1,CCT5, Subunit of the cytosolic chaperonin Cct ring complex; related to Tcp1p; required for the assembly of actin and tubulins in vivo; Cct5p [Saccharomyces cerevisiae] Sequence length = 562,NP_036205.1,58%,AfXP_750645.1,CAXP_714877.1,CGXP_445997.1,CNXP_566476.1,DHXP_461364.1,EGNP_985965.1,KLXP_452149.1,SPNP_593277.1,YLXP_504240.1
NP_012520.1,CCT3, Subunit of the cytosolic chaperonin Cct ring complex; related to Tcp1p; required for the assembly of actin and tubulins in vivo; Cct3p [Saccharomyces cerevisiae] Sequence length = 534,NP_005989.3,58%,AfXP_754318.1,CAXP_721912.1,CGXP_446661.1,CNXP_567673.1,DHXP_462464.1,EGNP_986980.1,KLXP_456089.1,SPNP_595810.1,YLXP_503078.1
NP_011941.1,QNS1, Glutamine-dependent NAD(+) synthetase; essential for the formation of NAD(+) from nicotinic acid adenine dinucleotide; Qns1p [Saccharomyces cerevisiae] Sequence length = 714,NP_060631.2,58%,AfXP_748008.1,CAXP_722371.1,CGXP_448179.1,CNXP_567726.1,DHXP_456405.1,EGNP_987024.1,KLXP_453643.1,SPNP_587771.1,YLXP_500272.1
NP_012599.1,ARP3, Essential component of the Arp2/3 complex; which is a highly conserved actin nucleation center required for the motility and integrity of actin patches; involved in endocytosis and membrane growth and polarity; Arp3p [Saccharom,NP_005712.1,58%,AfXP_753494.1,CAXP_714816.1,CGXP_445996.1,CNXP_570501.1,DHXP_461363.1,EGNP_985966.1,KLXP_452150.1,SPNP_592898.1,YLXP_504762.1
NP_012964.2,KAE1, Putative glycoprotease that interacts with Bud32p; which is a member of the novel protein kinase piD261 family; Kae1p [Saccharomyces cerevisiae] Sequence length = 386,NP_060277.1,59%,AfXP_747627.1,CAXP_717192.1,CGXP_448913.1,CNXP_566670.1,DHXP_460295.1,EGNP_984544.1,KLXP_456041.1,SPNP_596498.1,YLXP_501467.1
NP_013276.1,CBF5, Component of box H/ACA small nucleolar ribonucleoprotein particles (snoRNPs); probable rRNA pseudouridine synthase; binds to snoRNP Nop10p and also interacts with ribosomal biogenesis protein Nop53p; Cbf5p [Saccharomyces cerevi,NP_001354.1,59%,AfXP_754061.1,CAXP_710717.1,CGXP_446954.1,CNXP_570199.1,DHXP_462038.1,EGNP_982535.1,KLXP_453273.1,SPNP_594878.1,YLXP_503903.1
NP_010304.1,FAL1, Nucleolar protein required for maturation of 18S rRNA; member of the eIF4A subfamily of DEAD-box ATP-dependent RNA helicases; Fal1p [Saccharomyces cerevisiae] Sequence length = 399,NP_055555.1,59%,AfXP_754798.1,CAXP_718592.1,CGXP_449633.1,CNXP_569893.1,DHXP_458643.1,EGNP_985263.1,KLXP_451466.1,SPNP_592863.1,YLXP_504915.1
NP_014902.1,RPT4, One of six ATPases of the 19S regulatory particle of the 26S proteasome involved in the degradation of ubiquitinated substrates; required for spindle pole body duplication; localized mainly to the nucleus toughout the cell cy,NP_002797.2,60%,AfXP_750571.1,CAXP_717434.1,CGXP_448608.1,CNXP_567409.1,DHXP_461002.1,EGNP_982429.1,KLXP_452625.1,SPNP_587809.2,YLXP_504246.1
NP_010661.1,FRQ1, N-myristoylated calcium-binding protein that may have a role in intracellular signaling tough its regulation of the phosphatidylinositol 4-kinase Pik1p; member of the recoverin/frequenin branch of the EF-hand superfamily; Frq,NP_055101.2,60%,AfXP_751298.1,CAXP_723413.1,CGXP_444894.1,CNXP_571920.1,DHXP_459902.1,EGNP_983241.1,KLXP_454056.1,SPNP_592879.1,YLXP_503971.1
NP_010626.1,R339C, Protein required for cell viability; r339cp [Saccharomyces cerevisiae] Sequence length = 189,NP_057046.1,60%,AfXP_749469.1,CAXP_710970.1,CGXP_449390.1,CNXP_570962.1,DHXP_461880.1,EGNP_984759.1,KLXP_451311.1,SPNP_595610.1,YLXP_504307.1
NP_012657.1,RPS5, Protein component of the small (40S) ribosomal subunit; the least basic of the non-acidic ribosomal proteins; phosphorylated in vivo; essential for viability; has similarity to E. coli S7 and rat S5 ribosomal proteins; Rps5p [S,NP_001000.2,60%,AfXP_752871.1,CAXP_720769.1,CGXP_446818.1,CNXP_567915.1,DHXP_459740.1,EGNP_983119.1,KLXP_453536.1,SPNP_594212.1,YLXP_505167.1
NP_010880.1,HYP2, Translation initiation factor eIF-5A; promotes formation of the first peptide bond; similar to and functionally redundant with Anb1p; undergoes an essential hypusination modification; expressed under aerobic conditions; Hyp2p [,NP_001961.1,61%,AfXP_750156.1,CAXP_716674.1,CGXP_448832.1,CNXP_570147.1,DHXP_460907.1,EGNP_985903.1,KLXP_454956.1,SPNP_594457.1,YLXP_501535.1
NP_014602.1,RPS15, Protein component of the small (40S) ribosomal subunit; has similarity to E. coli S19 and rat S15 ribosomal proteins; Rps15p [Saccharomyces cerevisiae] Sequence length = 142,NP_001009.1,61%,AfXP_755342.1,CAXP_723139.1,CGXP_446019.1,CNXP_571678.1,DHXP_462125.1,EGNP_984517.1,KLXP_455435.1,SPNP_587961.1,YLXP_505049.1
NP_010199.1,SUB2, Component of the TREX complex required for nuclear mRNA export; DEAD-box RNA helicase involved in early and late steps of spliceosome assembly; homolog of the human splicing factor hUAP56; Sub2p [Saccharomyces cerevisiae] Seque,NP_004631.1,61%,AfXP_747814.1,CAXP_713328.1,CGXP_449077.1,CNXP_567037.1,DHXP_460626.1,EGNP_984356.1,KLXP_454944.1,SPNP_594261.1,YLXP_499973.1
NP_012579.1,S1, Mitochondrial matrix ATPase that is a subunit of the presequence translocase-associated protein import motor (PAM); involved in protein translocation into the matrix and protein folding; member of the heat shock protein 70 (HSP,NP_004125.3,61%,AfXP_755328.1,CAXP_713199.1,CGXP_447392.1,CNXP_567978.1,DHXP_458029.1,EGNP_985899.1,KLXP_454960.1,SPNP_593459.1,YLXP_501940.1
NP_009718.1,CDC28, Catalytic subunit of the main cell cycle cyclin-dependent kinase (CDK); alternately associates with G1 cyclins (CLNs) and G2/M cyclins (CLBs) which direct the CDK to specific substrates; Cdc28p [Saccharomyces cerevisiae] Sequen,NP_001249.1,61%,AfXP_750689.1,CAXP_713486.1,CGXP_447125.1,CNXP_569525.1,DHXP_462008.1,EGNP_984154.1,KLXP_451964.1,SPNP_595629.1,YLXP_500733.1
NP_014850.1,RET1, Second-largest subunit of RNA polymerase III; which is responsible for the tranription of tRNA and 5S RNA genes; and other low molecular weight RNAs; Ret1p [Saccharomyces cerevisiae] Sequence length = 1149,NP_060552.3,61%,AfXP_749996.1,CAXP_710813.1,CGXP_448895.1,CNXP_572718.1,DHXP_462552.1,EGNP_983821.1,KLXP_455128.1,SPNP_593690.1,YLXP_500966.1
NP_010498.1,TCP1, Alpha subunit of chaperonin-containing T-complex; which mediates protein folding in the cytosol; involved in maintenance of actin cytoskeleton; homolog to Drosophila melanogaster and mouse tailless complex polypeptide; Tcp1p [S,NP_110379.2,62%,AfXP_755937.1,CAXP_711918.1,CGXP_446311.1,CNXP_569389.1,DHXP_462158.1,EGNP_986574.1,KLXP_451185.1,SPNP_595949.1,YLXP_500945.1
NP_012424.1,CCT7, Subunit of the cytosolic chaperonin Cct ring complex; related to Tcp1p; required for the assembly of actin and tubulins in vivo; Cct7p [Saccharomyces cerevisiae] Sequence length = 550,NP_006420.1,62%,AfXP_750420.1,CAXP_714755.1,CGXP_446549.1,CNXP_566667.1,DHXP_460127.1,EGNP_985614.1,KLXP_456038.1,SPNP_596355.1,YLXP_502070.1
NP_011052.1,NSA2, Constituent of 66S pre-ribosomal particles; involved in 60S ribosomal subunit biogenesis; Nsa2p [Saccharomyces cerevisiae] Sequence length = 261,NP_055701.1,62%,AfXP_754805.1,CAXP_716088.1,CGXP_448322.1,CNXP_568437.1,DHXP_458305.1,EGNP_983354.1,KLXP_454564.1,SPNP_588561.1,YLXP_503781.1
NP_013987.1,TIF11, Translation initiation factor eIF1A; essential protein that forms a complex with Sui1p (eIF1) and the 40S ribosomal subunit and ans for the start codon; C-terminus associates with Fun12p (eIF5B); N terminus interacts with eIF,NP_001403.1,62%,AfXP_747826.1,CAXP_717075.1,CGXP_446900.1,CNXP_572552.1,DHXP_460649.1,EGNP_985132.1,KLXP_454458.1,SPNP_596359.1,YLXP_505696.1
NP_012044.1,ENO2, Enolase II; catalyzes the first common step of glycolysis and gluconeogenesis; expression is induced in response to glucose; Eno2p [Saccharomyces cerevisiae] Sequence length = 437,NP_001967.1,62%,AfXP_750570.1,CAXP_711883.1,CGXP_447360.1,CNXP_569379.1,DHXP_462151.1,EGNP_985151.1,KLXP_451402.1,SPNP_595903.1,YLXP_505509.1
NP_013463.1,ADE13, Adenylosuccinate lyase; catalyzes two steps in the 'de novo' purine nucleotide biosynthetic pathway; Ade13p [Saccharomyces cerevisiae] Sequence length = 482,NP_000017.1,62%,AfXP_755526.1,CAXP_713495.1,CGXP_445093.1,CNXP_572006.1,DHXP_460943.1,EGNP_982941.1,KLXP_452119.1,SPNP_596735.1,YLXP_501015.1
NP_012500.1,KAR2, ATPase involved in protein import into the ER; also acts as a chaperone to mediate protein folding in the ER and may play a role in ER export of soluble proteins; regulates the unfolded protein response via interaction with Ire,NP_005338.1,63%,AfXP_749594.1,CAXP_719462.1,CGXP_445544.1,CNXP_568651.1,DHXP_456398.1,EGNP_983441.1,KLXP_453488.1,SPNP_593245.1,YLXP_503913.1
NP_013176.1,RPL10, Protein component of the large (60S) ribosomal subunit; responsible for joining the 40S and 60S subunits; regulates translation initiation; has similarity to rat L10 ribosomal protein and to members of the QM gene family; Rpl10,NP_006004.1,63%,AfXP_755255.1,CAXP_721162.1,CGXP_448774.1,CNXP_569162.1,DHXP_457757.1,EGNP_983184.1,KLXP_453312.1,SPNP_595850.1,YLXP_502776.1
NP_116659.1,RPN11, Metalloprotease subunit of the 19S regulatory particle of the 26S proteasome lid; couples the deubiquitination and degradation of proteasome substrates; Rpn11p [Saccharomyces cerevisiae] Sequence length = 306,NP_005796.1,63%,AfXP_749475.1,CAXP_715061.1,CGXP_449173.1,CNXP_566594.1,DHXP_461433.1,EGNP_986671.1,KLXP_454588.1,SPNP_594014.1,YLXP_505906.1
NP_009527.1,LSM2, Component of small nuclear ribonucleoprotein complexes involved in RNA processing; splicing; and decay; Lsm2p [Saccharomyces cerevisiae] Sequence length = 95,NP_067000.1,63%,AfXP_755856.1,CAXP_717467.1,CGXP_446583.1,CNXP_569529.1,DHXP_461273.1,EGNP_985729.1,KLXP_455499.1,SPNP_588459.1,YLXP_505162.1
NP_015407.1,DIB1, 17-kDa component of the U4/U6aU5 tri-snRNP; plays an essential role in pre-mRNA splicing; orthologue of the human U5-specific 15-kDa protein; Dib1p [Saccharomyces cerevisiae] Sequence length = 143,NP_006692.1,64%,AfXP_754392.1,CAXP_715737.1,CGXP_448562.1,CNXP_572796.1,DHXP_458932.1,EGNP_983722.1,KLXP_451925.1,SPNP_587992.1,YLXP_503948.1
NP_015491.1,RHO1, GTP-binding protein of the rho subfamily of Ras-like proteins; involved in establishment of cell polarity; regulates protein kinase C (Pkc1p) and the cell wall synthesizing enzyme 1;3-beta-glucan synthase (Fks1p and G2p); Rho,NP_001655.1,64%,AfXP_750583.1,CAXP_715825.1,CGXP_447616.1,CNXP_572018.1,DHXP_457455.1,EGNP_983131.1,KLXP_452002.1,SPNP_594490.1,YLXP_504289.1
NP_012124.1,CCT2, Subunit beta of the cytosolic chaperonin Cct ring complex; related to Tcp1p; required for the assembly of actin and tubulins in vivo; Cct2p [Saccharomyces cerevisiae] Sequence length = 527,NP_006422.1,65%,AfXP_749924.1,CAXP_714667.1,CGXP_449136.1,CNXP_566776.1,DHXP_456801.1,EGNP_985270.1,KLXP_452711.1,SPNP_593017.1,YLXP_505288.1
NP_015089.1,RVB2, Essential protein involved in tranription regulation; component of comatin remodeling complexes; required for assembly and function of the INO80 complex; member of the RUVB-like protein family; Rvb2p [Saccharomyces cerevisi,NP_006657.1,65%,AfXP_749991.1,CAXP_720864.1,CGXP_446843.1,CNXP_566914.1,DHXP_458902.1,EGNP_985408.1,KLXP_452910.1,SPNP_595640.1,YLXP_504636.1
NP_014706.1,RPL3, Protein component of the large (60S) ribosomal subunit; has similarity to E. coli L3 and rat L3 ribosomal proteins; involved in the replication and maintenance of killer double stranded RNA virus; Rpl3p [Saccharomyces cerevisia,NP_000958.1,65%,AfXP_755517.1,CAXP_710682.1,CGXP_446452.1,CNXP_567698.1,DHXP_457044.1,EGNP_984302.1,KLXP_455822.1,SPNP_593471.1,YLXP_502097.1
NP_014221.1,RPS3, Protein component of the small (40S) ribosomal subunit; has apurinic/apyrimidinic (AP) endonuclease activity; essential for viability; has similarity to E. coli S3 and rat S3 ribosomal proteins; Rps3p [Saccharomyces cerevisiae],NP_000996.2,65%,AfXP_750312.1,CAXP_711114.1,CGXP_448200.1,CNXP_566546.1,DHXP_462537.1,EGNP_982809.1,KLXP_453432.1,SPNP_596763.1,YLXP_504321.1
NP_010270.1,NOP1, Nucleolar protein; component of the small subunit processome complex; which is required for processing of pre-18S rRNA; has similarity to mammalian fibrillarin; Nop1p [Saccharomyces cerevisiae] Sequence length = 327,NP_001427.2,65%,AfXP_752792.1,CAXP_715517.1,CGXP_448306.1,CNXP_567779.1,DHXP_459686.1,EGNP_985071.1,KLXP_452393.1,SPNP_596229.1,YLXP_501884.1
NP_009938.2,PGK1, 3-phosphoglycerate kinase; catalyzes transfer of high-energy phosphoryl groups from the acyl phosphate of 1;3-bisphosphoglycerate to ADP to produce ATP; key enzyme in glycolysis and gluconeogenesis; Pgk1p [Saccharomyces cerevi,NP_000282.1,65%,AfXP_752401.1,CAXP_711371.1,CGXP_449113.1,CNXP_571948.1,DHXP_461021.1,EGNP_984823.1,KLXP_451479.1,SPNP_596730.1,YLXP_502742.1
NP_014760.1,RPT5, One of six ATPases of the 19S regulatory particle of the 26S proteasome involved in the degradation of ubiquitinated substrates; recruited to the GAL1-10 promoter region upon induction of tranription; Rpt5p [Saccharomyces cer,NP_002795.2,66%,AfXP_750366.1,CAXP_715502.1,CGXP_444885.1,CNXP_568336.1,DHXP_462104.1,EGNP_985111.1,KLXP_454909.1,SPNP_001018261.1,YLXP_502605.1
NP_010476.1,RVB1, Essential protein involved in tranription regulation; component of comatin remodeling complexes; required for assembly and function of the INO80 complex; member of the RUVB-like protein family; Rvb1p [Saccharomyces cerevisi,NP_003698.1,66%,AfXP_751754.1,CAXP_715508.1,CGXP_446216.1,CNXP_566529.1,DHXP_462111.1,EGNP_986548.1,KLXP_453880.1,SPNP_594783.1,YLXP_502110.1
NP_009701.1,SUP45, Polypeptide release factor involved in translation termination; mutant form acts as a recessive omnipotent suppressor; Sup45p [Saccharomyces cerevisiae] Sequence length = 437,NP_004721.1,67%,AfXP_754064.1,CAXP_714900.1,CGXP_449070.1,CNXP_569767.1,DHXP_457910.1,EGNP_984888.1,KLXP_452701.1,SPNP_594680.1,YLXP_504906.1
NP_010510.1,HTB1, One of two nearly identical (see HTB2) histone H2B subtypes required for comatin assembly and comosome function; Rad6p-Bre1p-Lge1p mediated ubiquitination regulates tranriptional activation; meiotic DSB formation and H3 m,NP_003513.1,67%,AfXP_755066.1,CAXP_712689.1,CGXP_448714.1,CNXP_569066.1,DHXP_461154.1,EGNP_986849.1,KLXP_455679.1,SPNP_588181.1,YLXP_504425.1
NP_010376.1,RLI1, Essential iron-sulfur protein required for ribosome biogenesis and translation initiation; facilitates binding of a multifactor complex (MFC) of translation initiation factors to the small ribosomal subunit; predicted ABC famil,NP_002931.1,67%,AfXP_752397.1,CAXP_721532.1,CGXP_446712.1,CNXP_567049.1,DHXP_462080.1,EGNP_986791.1,KLXP_452984.1,SPNP_596732.1,YLXP_500182.1
NP_010682.1,RPT3, One of six ATPases of the 19S regulatory particle of the 26S proteasome involved in the degradation of ubiquitinated substrates; substrate of N-acetyltransferase B; Rpt3p [Saccharomyces cerevisiae] Sequence length = 428,NP_006494.1,67%,AfXP_754480.1,CAXP_715269.1,CGXP_448634.1,CNXP_569326.1,DHXP_461726.1,EGNP_985941.1,KLXP_452488.1,SPNP_588437.1,YLXP_502714.1
NP_010157.1,CDC48, ATPase in ER; nuclear membrane and cytosol with homology to mammalian p97; in a complex with Npl4p and Ufd1p participates in retrotranslocation of ubiquitinated proteins from the ER into the cytosol for degradation by the prote,NP_009057.1,67%,AfXP_756045.1,CAXP_714003.1,CGXP_448116.1,CNXP_567564.1,DHXP_462191.1,EGNP_985705.1,KLXP_455337.1,SPNP_593287.2,YLXP_505319.1
NP_012912.1,ARC19, Subunit of the ARP2/3 complex; which is required for the motility and integrity of cortical actin patches; Arc19p [Saccharomyces cerevisiae] Sequence length = 171,NP_005709.1,68%,AfXP_747840.1,CAXP_717876.1,CGXP_449009.1,CNXP_570469.1,DHXP_460041.1,EGNP_983312.1,KLXP_454772.1,SPNP_594116.1,YLXP_502341.1
NP_010888.1,SNU13, RNA binding protein; part of U3 snoRNP involved in rRNA processing; part of U4/U6-U5 tri-snRNP involved in mRNA splicing; similar to human 15.5K protein; Snu13p [Saccharomyces cerevisiae] Sequence length = 126,NP_004999.1,68%,AfXP_749724.1,CAXP_723101.1,CGXP_447389.1,CNXP_571849.1,DHXP_460868.1,EGNP_984791.1,KLXP_454971.1,SPNP_593592.1,YLXP_505832.1
NP_012777.1,RPT1, One of six ATPases of the 19S regulatory particle of the 26S proteasome involved in the degradation of ubiquitinated substrates; required for optimal CDC20 tranription; interacts with Rpn12p and the E3 ubiquitin-protein ligas,NP_002794.1,69%,AfXP_754831.1,CAXP_715926.1,CGXP_445972.1,CNXP_572050.1,DHXP_459634.1,EGNP_983453.1,KLXP_454571.1,SPNP_596805.1,YLXP_502698.1
NP_010961.1,SAH1, S-adenosyl-L-homocysteine olase; catabolizes S-adenosyl-L-homocysteine which is formed after donation of the activated methyl group of S-adenosyl-L-methionine (AdoMet) to an acceptor; Sah1p [Saccharomyces cerevisiae] Sequen,NP_000678.1,70%,AfXP_752379.1,CAXP_721821.1,CGXP_445271.1,CNXP_570337.1,DHXP_462409.1,EGNP_985790.1,KLXP_451052.1,SPNP_595580.1,YLXP_505301.1
NP_116615.1,YPT1, Ras-like small GTPase; involved in the ER-to-Golgi step of the secretory pathway; complex formation with the Rab eort protein Mrs6p is required for prenylation of Ypt1p by protein geranylgeranyltransferase type II (Bet2p-Bet,NP_004152.1,71%,AfXP_747911.1,CAXP_721279.1,CGXP_448767.1,CNXP_568088.1,DHXP_457265.1,EGNP_983169.1,KLXP_453297.1,SPNP_596205.1,YLXP_502561.1
NP_010277.1,RPT2, One of six ATPases of the 19S regulatory particle of the 26S proteasome involved in the degradation of ubiquitinated substrates; required for normal peptide olysis by the core 20S particle; Rpt2p [Saccharomyces cerevisiae] ,NP_002793.2,71%,AfXP_753929.1,CAXP_717812.1,CGXP_447462.1,CNXP_570849.1,DHXP_457903.1,EGNP_984850.1,KLXP_455741.1,SPNP_595480.1,YLXP_504910.1
NP_013129.1,RPL15A, Protein component of the large (60S) ribosomal subunit; nearly identical to Rpl15Bp and has similarity to rat L15 ribosomal protein; binds to 5.8 S rRNA; Rpl15ap [Saccharomyces cerevisiae] Sequence length = 204,NP_002939.2,72%,AfXP_750215.1,CAXP_717445.1,CGXP_444915.1,CNXP_569827.1,DHXP_461011.1,EGNP_985761.1,KLXP_455872.1,SPNP_588438.1,YLXP_503229.1
NP_015341.1,CDC95, Constituent of 66S pre-ribosomal particles; has similarity to human translation initiation factor 6 (eIF6); may be involved in the biogenesis and or stability of 60S ribosomal subunits; Tif6p [Saccharomyces cerevisiae] Sequence,NP_852133.1,72%,AfXP_754031.1,CAXP_710434.1,CGXP_448334.1,CNXP_567447.1,DHXP_459497.1,EGNP_984067.1,KLXP_453159.1,SPNP_588491.1,YLXP_504489.1
NP_116616.1,TUB2, Beta-tubulin; associates with alpha-tubulin (Tub1p and Tub3p) to form tubulin dimer; which polymerizes to form microtubules; Tub2p [Saccharomyces cerevisiae] Sequence length = 457,NP_006078.2,73%,AfXP_752456.1,CAXP_718894.1,CGXP_448766.1,CNXP_569650.1,DHXP_458846.1,EGNP_983627.1,KLXP_453295.1,SPNP_596650.1,YLXP_503384.1
NP_011467.1,RPT6, One of six ATPases of the 19S regulatory particle of the 26S proteasome involved in the degradation of ubiquitinated substrates; bound by ubiquitin-protein ligases Ubr1p and Ufd4p; localized mainly to the nucleus toughout the,NP_002796.4,73%,AfXP_746652.1,CAXP_714488.1,CGXP_445679.1,CNXP_567479.1,DHXP_458104.1,EGNP_986623.1,KLXP_451208.1,SPNP_595870.1,YLXP_502931.1
NP_013625.1,TUB1, Alpha-tubulin; associates with beta-tubulin (Tub2p) to form tubulin dimer; which polymerizes to form microtubules; Tub1p [Saccharomyces cerevisiae] Sequence length = 447,NP_116093.1,74%,AfXP_750005.1,CAXP_716442.1,CGXP_445079.1,CNXP_568869.1,DHXP_456473.1,EGNP_985988.1,KLXP_452955.1,SPNP_595106.1,YLXP_504142.1
NP_013330.1,CDC42, Small rho-like GTPase; essential for establishment and maintenance of cell polarity; mutants have defects in the organization of actin and septins; Cdc42p [Saccharomyces cerevisiae] Sequence length = 191,NP_001782.1,80%,AfXP_749703.1,CAXP_711878.1,CGXP_446201.1,CNXP_572208.1,DHXP_462156.1,EGNP_986573.1,KLXP_451186.1,SPNP_593536.1,YLXP_504400.1
NP_013268.1,RPS31, Fusion protein that is cleaved to yield a ribosomal protein of the small (40S) subunit and ubiquitin; ubiquitin may facilitate assembly of the ribosomal protein into ribosomes; interacts genetically with translation factor eIF2,NP_002945.1,80%,AfXP_754493.1,CAXP_715467.1,CGXP_446718.1,CNXP_570192.1,DHXP_462243.1,EGNP_986539.1,KLXP_453871.1,SPNP_594058.1,YLXP_505222.1
NP_011059.1,GLC7, Catalytic subunit of type 1 serine/teonine protein phosphatase; involved in many processes including glycogen metabolism; sporulation; and mitosis; interacts with multiple regulatory subunits; predominantly isolated with Sds2,NP_002701.1,80%,AfXP_750244.1,CAXP_711142.1,CGXP_448315.1,CNXP_569131.1,DHXP_459484.1,EGNP_985713.1,KLXP_455645.1,SPNP_596317.1,YLXP_499862.1
NP_013396.1,GSP1, GTP binding protein (mammalian Ranp homolog) involved in the maintenance of nuclear organization; RNA processing and transport; regulated by Prp20p; Rna1p; Yrb1p; Yrb2p; Yrp4p; Yrb30p; Cse1p and Kap95p; yeast Gsp2p homolog; Gsp,NP_006316.1,80%,AfXP_751206.1,CAXP_711509.1,CGXP_447279.1,CNXP_571000.1,DHXP_460450.1,EGNP_986960.1,KLXP_451197.1,SPNP_596827.1,YLXP_505004.1
NP_116614.1,ACT1, Actin; structural protein involved in cell polarization; endocytosis; and other cytoskeletal functions; Act1p [Saccharomyces cerevisiae] Sequence length = 375,NP_001605.1,89%,AfXP_747604.1,CAXP_722325.1,CGXP_448768.1,CNXP_566845.1,DHXP_458703.1,EGNP_983171.1,KLXP_453299.1,SPNP_595618.1,YLXP_502566.1
"* Sc stands for S. cerevisiae, Ca C. albicans, Cg C. glabrata, Af Aspergillus fumigatus, Cn Cryptococcus neoformans, Dh Debaryomyces hansenii, Kl Kluyveromyces lactis, Sp Schizosaccharomyces pombe, Yl Yarrowia lipolitica, EG Eremothecium gossypii, Hs Homo sapiens.",,,,,,,,,,,,,
